player,team_sim,pos,age,caps,goals,share,exp_goals,goals_90pct,p_golden_boot
Harry Kane (captain),England,FW,32,114,79,0.4679815105594541,6.9535,11.0,28.38322619047611
Kylian Mbappé (captain),France,FW,27,98,56,0.4526435808873215,5.9903,9.0,15.806642857142897
Lionel Messi (captain),Argentina,FW,38,199,117,0.4430485147580383,5.76885,9.0,13.585315476190488
Cristiano Ronaldo (captain),Portugal,FW,41,228,143,0.4564048432858416,5.2935,8.0,9.594636904761867
Mikel Oyarzabal,Spain,FW,29,53,25,0.19991182782875028,5.11015,8.0,8.138273809523794
Ferran Torres,Spain,FW,26,57,24,0.19448889723457732,4.99485,8.0,7.5863333333333145
Enner Valencia (captain),Ecuador,FW,36,105,49,0.43038189542691396,4.9029,8.0,7.078821428571423
Romelu Lukaku,Belgium,FW,33,126,90,0.38823950559093423,4.1073,7.0,3.3726011904761934
Neymar,Brazil,FW,34,128,79,0.4167557822418095,3.50045,6.0,1.274136904761906
Erling Haaland,Norway,FW,25,50,55,0.413374722813549,3.251,6.0,1.0824761904761906
Memphis Depay,Netherlands,FW,32,109,55,0.32878232602365093,2.8539,5.0,0.6049226190476189
Ayoub El Kaabi,Morocco,FW,32,71,35,0.30831141119393707,2.8952,5.0,0.5602619047619045
Christian Pulisic,United States,FW,27,86,33,0.26182578702180576,2.97835,5.0,0.5057916666666666
Raúl Jiménez,Mexico,FW,35,124,45,0.30515886893270566,2.9031,5.0,0.4654285714285713
Dani Olmo,Spain,FW,28,50,12,0.1027629526320075,2.6259,5.0,0.3959642857142857
Edin Džeko (captain),Bosnia and Herzegovina,FW,40,148,73,0.5367680745116669,2.67795,5.0,0.36563095238095245
Son Heung-min (captain),South Korea,FW,33,144,56,0.3513715843474276,2.6546,5.0,0.30450595238095246
Jonathan David,Canada,FW,26,77,39,0.2746878071643754,2.4649,5.0,0.2590833333333334
Mohamed Salah (captain),Egypt,FW,33,116,67,0.4473999897229341,1.775,4.0,0.07658333333333334
Cyle Larin,Canada,FW,31,90,30,0.21768101054406117,1.961,4.0,0.06913095238095239
Mikel Merino,Spain,MF,29,43,10,0.07448846023640088,1.90255,4.0,0.0535
Sadio Mané,Senegal,FW,34,128,55,0.35891463121153516,1.70295,3.0,0.052000000000000005
James Rodríguez (captain),Colombia,MF,34,126,31,0.22416926896657272,1.6493,3.0,0.051250000000000004
Kevin De Bruyne,Belgium,MF,34,119,37,0.15644818538423974,1.65265,3.0,0.043708333333333335
Alexander Sørloth,Norway,FW,30,72,26,0.2129887070839713,1.65965,3.0,0.037130952380952376
Lautaro Martínez,Argentina,FW,28,77,37,0.1358849826041606,1.773,4.0,0.03125
Ivan Perišić,Croatia,FW,37,154,38,0.19796887961124232,1.54745,3.0,0.029375000000000002
Marcus Rashford,England,FW,28,72,18,0.11082083276550495,1.64185,3.0,0.028749999999999998
Chris Wood (captain),New Zealand,FW,34,90,45,0.3995604186721969,1.36965,3.0,0.02333333333333333
Marko Arnautović,Austria,FW,37,133,47,0.2946087977185939,1.34995,3.0,0.018083333333333333
Nico Williams,Spain,FW,23,30,6,0.053301223782755536,1.3707,3.0,0.014583333333333332
Andrej Kramarić,Croatia,FW,34,116,36,0.18472913230674812,1.45685,3.0,0.012172619047619047
Kai Havertz,Germany,FW,27,58,22,0.16182742935477298,1.40005,3.0,0.010416666666666664
Eldor Shomurodov (captain),Uzbekistan,FW,30,92,44,0.33392849287423815,1.15155,3.0,0.007916666666666666
Riyad Mahrez (captain),Algeria,FW,35,114,38,0.2613566625837033,1.3596,3.0,0.006666666666666665
Luka Modrić (captain),Croatia,MF,40,198,29,0.14789006019160691,1.16355,3.0,0.006666666666666665
Awer Mabil,Australia,FW,30,38,10,0.09852613662468238,0.77905,2.0,0.005833333333333334
Jackson Irvine,Australia,MF,33,82,14,0.13251867600836126,1.0426,2.0,0.005833333333333333
Luis Díaz,Colombia,FW,29,74,22,0.16400755213364612,1.199,3.0,0.005
Soufiane Rahimi,Morocco,FW,30,37,12,0.10572834676583266,0.9907,2.0,0.005
Ricardo Pepi,United States,FW,23,37,13,0.09970218561840755,1.13795,3.0,0.004166666666666667
Lamine Yamal,Spain,FW,18,25,6,0.050949699204104554,1.3071,3.0,0.0033333333333333327
Mehdi Taremi,Iran,FW,33,105,60,0.3415304917331805,1.3066,3.0,0.003214285714285714
Achraf Hakimi (captain),Morocco,DF,27,96,11,0.09218294607452733,0.8722,2.0,0.0029166666666666664
Jordan Ayew (captain),Ghana,FW,34,120,34,0.36448148931087715,0.8549,2.0,0.0025
Patrik Schick,Czech Republic,FW,30,53,26,0.2335617066004738,0.9993,2.0,0.0025
Nilson Angulo,Ecuador,FW,22,14,2,0.04222575264351746,0.4902,1.0,0.0025
Junya Itō,Japan,MF,33,69,15,0.10580291284593688,0.73315,2.0,0.0016666666666666663
Kōki Ogawa,Japan,FW,28,15,11,0.15349930332476316,1.04015,2.0,0.0016666666666666663
Igor Sergeev,Uzbekistan,FW,33,83,25,0.1941257833834551,0.668,2.0,0.0016666666666666663
Viktor Gyökeres,Sweden,FW,28,33,20,0.24566070957552447,0.868,2.0,0.0016666666666666663
Ayase Ueda,Japan,FW,27,39,16,0.11354742985667414,0.7889,2.0,0.0016666666666666663
Jordy Caicedo,Ecuador,FW,28,20,4,0.050234085041425944,0.5747,2.0,0.00125
Fabián Ruiz,Spain,MF,30,42,6,0.04667376973127707,1.198,3.0,0.00125
Brahim Díaz,Morocco,FW,26,26,14,0.11159501620027433,1.04025,2.0,0.00125
Bukayo Saka,England,FW,24,49,14,0.08426204698204773,1.24655,3.0,0.00125
Mathew Leckie,Australia,FW,35,80,14,0.14605096538884516,1.14535,3.0,0.00125
Pedri,Spain,MF,23,41,6,0.04643869122072577,1.20115,3.0,0.00125
Adil Boulbina,Algeria,FW,23,11,6,0.08318707457762874,0.4325,1.0,0.00125
Rodri (captain),Spain,MF,29,62,4,0.03531023537169942,0.9195,2.0,0.001
Harry Souttar,Australia,DF,27,38,11,0.08348669028894361,0.64915,2.0,0.001
Adrien Rabiot,France,MF,31,59,7,0.05601890927894076,0.7363,2.0,0.0008333333333333332
Alphonso Davies (captain),Canada,DF,25,58,15,0.09192393194828309,0.8141,2.0,0.0007142857142857143
Pau Cubarsí,Spain,DF,19,12,0,0.0013117098040287497,0.03365,0.0,0.0
Borja Iglesias,Spain,FW,33,8,0,0.016049155249292936,0.4194,1.0,0.0
Ronald Araújo,Uruguay,DF,27,27,1,0.01101518067413567,0.0925,0.0,0.0
Aurélien Tchouaméni,France,MF,26,46,3,0.026130796447658883,0.3481,1.0,0.0
Sebastián Cáceres,Uruguay,DF,26,24,0,0.0023769600402082235,0.01985,0.0,0.0
Warren Zaïre-Emery,France,MF,20,11,1,0.017254846567339967,0.2243,1.0,0.0
José Giménez (captain),Uruguay,DF,31,99,8,0.07737530806992858,0.6449,2.0,0.0
Sergio Rochet,Uruguay,GK,33,35,0,5.764297396653105e-05,0.00035,0.0,0.0
William Saliba,France,DF,25,32,0,0.001481897719148897,0.0199,0.0,0.0
Marcus Thuram,France,FW,28,34,3,0.03368732605739643,0.447,1.0,0.0
Unai Simón,Spain,GK,29,58,0,5.708682206278079e-05,0.0012,0.0,0.0
Mike Maignan,France,GK,30,40,0,4.869092505774947e-05,0.001,0.0,0.0
Ibrahima Konaté,France,DF,27,28,0,0.0014201519808510262,0.01875,0.0,0.0
N'Golo Kanté,France,MF,35,69,2,0.020578002202531368,0.27245,1.0,0.0
Víctor Muñoz,Spain,FW,22,2,1,0.03720485989608817,0.95455,2.0,0.0
Ousmane Dembélé,France,FW,29,59,7,0.06653829722046131,0.87795,2.0,0.0
Bradley Barcola,France,FW,23,20,3,0.03636078778558231,0.4813,1.0,0.0
Marc Cucurella,Spain,DF,27,24,1,0.006837985945814033,0.17475,1.0,0.0
Michael Olise,France,FW,24,17,7,0.07300127393874602,0.9669,2.0,0.0
Manuel Ugarte,Uruguay,MF,25,36,1,0.014759404641156765,0.1227,1.0,0.0
Manu Koné,France,MF,25,14,0,0.006748562213004077,0.08935,0.0,0.0
Darwin Núñez,Uruguay,FW,26,38,13,0.12982809638054563,1.0764,2.0,0.0
Agustín Canobbio,Uruguay,MF,27,15,1,0.025012933346191157,0.20805,1.0,0.0
Guillermo Varela,Uruguay,DF,33,28,0,0.002150582893521726,0.0187,0.0,0.0
Matías Viña,Uruguay,DF,28,43,1,0.010094743874464554,0.08625,0.0,0.0
Brian Rodríguez,Uruguay,FW,26,32,4,0.05287286723585122,0.43885,1.0,0.0
Rodrigo Aguirre,Uruguay,FW,31,10,3,0.09507840160832895,0.79885,2.0,0.0
Santiago Mele,Uruguay,GK,28,8,0,9.507840160832895e-05,0.001,0.0,0.0
Maximiliano Araújo,Uruguay,MF,26,28,3,0.03520338767241718,0.295,1.0,0.0
Federico Viñas,Uruguay,FW,27,11,2,0.07225958522233,0.6026,2.0,0.0
Joaquín Piquerez,Uruguay,MF,27,19,0,0.009634611362977335,0.08195,0.0,0.0
Facundo Pellistri,Uruguay,FW,24,39,2,0.03479165214408481,0.28845,1.0,0.0
Giorgian de Arrascaeta,Uruguay,MF,32,60,13,0.12484285146393165,1.04795,2.0,0.0
Fernando Muslera,Uruguay,GK,39,134,0,8.746869394572918e-05,0.0005,0.0,0.0
Emiliano Martínez,Uruguay,MF,26,10,0,0.01376373051853905,0.114,1.0,0.0
Federico Valverde,Uruguay,MF,27,73,9,0.09117197049039662,0.7586,2.0,0.0
Santiago Bueno,Uruguay,DF,27,8,0,0.0041056582512687505,0.03385,0.0,0.0
Juan Manuel Sanabria,Uruguay,MF,26,5,1,0.04064601668756063,0.3331,1.0,0.0
Rodrigo Zalazar,Uruguay,MF,26,8,2,0.053243904900664205,0.4504,1.0,0.0
Nicolás de la Cruz,Uruguay,MF,29,34,5,0.04691223113034889,0.39785,1.0,0.0
Brice Samba,France,GK,32,4,0,6.202722622246395e-05,0.0006,0.0,0.0
Malo Gusto,France,DF,23,11,0,0.002108925691563774,0.0269,0.0,0.0
Lucas Digne,France,DF,32,58,0,0.0017160169768616566,0.02275,0.0,0.0
Rodrigo Bentancur,Uruguay,MF,28,74,3,0.03541506817345394,0.29535,1.0,0.0
Dayot Upamecano,France,DF,27,38,2,0.0140103455033957,0.1921,1.0,0.0
Jules Koundé,France,DF,27,48,0,0.0016492087519560305,0.02185,0.0,0.0
Mathías Olivera,Uruguay,DF,28,35,2,0.01720466314817381,0.1446,1.0,0.0
Matěj Kovář,Czech Republic,GK,26,20,0,4.439875837735422e-05,0.00025,0.0,0.0
Théo Hernandez,France,DF,28,44,2,0.014544315114232924,0.1932,1.0,0.0
David Møller Wolfe,Norway,DF,24,22,1,0.006537041791081708,0.05295,0.0,0.0
Jens Petter Hauge,Norway,MF,26,15,1,0.01081217569529123,0.0874,0.0,0.0
Oscar Bobb,Norway,MF,22,20,2,0.015458857772223722,0.1206,1.0,0.0
Andreas Schjelderup,Norway,MF,22,12,1,0.012222459481633564,0.09795,0.0,0.0
Antonio Nusa,Norway,FW,21,24,8,0.062236959862199404,0.491,1.0,0.0
Thelo Aasgaard,Norway,MF,24,8,5,0.047674739615494656,0.37995,1.0,0.0
Kristian Thorstvedt,Norway,MF,27,37,4,0.03166305332989395,0.25525,1.0,0.0
Torbjørn Heggem,Norway,DF,27,15,0,0.0013463437168466088,0.01055,0.0,0.0
Marcus Holmgren Pedersen,Norway,DF,25,32,0,0.001488275127139551,0.01095,0.0,0.0
Fredrik André Bjørkan,Norway,DF,27,21,1,0.0064181864857893135,0.05305,0.0,0.0
Fredrik Aursnes,Norway,MF,30,22,1,0.010269098377262904,0.0835,0.0,0.0
Egil Selvik,Norway,GK,28,7,0,4.220969490654234e-05,0.0004,0.0,0.0
Sander Tangvik,Norway,GK,23,0,0,5.205862371806888e-05,0.0005,0.0,0.0
Jørgen Strand Larsen,Norway,FW,26,28,6,0.05180806388529032,0.4128,1.0,0.0
Martin Ødegaard (captain),Norway,MF,27,68,5,0.04272291561173511,0.3313,1.0,0.0
Sander Berge,Norway,MF,28,66,1,0.013203126485052303,0.10115,0.0,0.0
Sondre Langås,Norway,DF,25,3,0,0.0022967039875618623,0.0205,0.0,0.0
Henrik Falchener,Norway,DF,23,1,0,0.002602931185903444,0.0205,0.0,0.0
Julian Ryerson,Norway,FW,28,43,1,0.02122938606838004,0.1693,1.0,0.0
Bamba Dieng,Senegal,FW,26,23,2,0.027800388015819466,0.13355,1.0,0.0
Édouard Mendy,Senegal,GK,34,57,0,4.415526623202255e-05,0.0003,0.0,0.0
Krépin Diatta,Senegal,DF,27,61,2,0.01233326304701809,0.0592,0.0,0.0
Ismail Jakobs,Senegal,DF,26,30,0,0.0012636540007190666,0.006,0.0,0.0
Iliman Ndiaye,Senegal,FW,26,40,4,0.03300973716164093,0.15955,1.0,0.0
Cherif Ndiaye,Senegal,FW,30,19,4,0.04765780802711908,0.2267,1.0,0.0
Nicolas Jackson,Senegal,FW,24,33,8,0.05295312003013231,0.2497,1.0,0.0
Lamine Camara,Senegal,MF,22,33,7,0.03942600482243488,0.19415,1.0,0.0
Yehvann Diouf,Senegal,GK,26,2,0,6.950097003954867e-05,0.00025,0.0,0.0
Assane Diao,Senegal,FW,20,5,0,0.031771872018079385,0.149,1.0,0.0
Pathé Ciss,Senegal,MF,32,30,0,0.004339572763444989,0.02185,0.0,0.0
Idrissa Gueye,Senegal,MF,36,131,7,0.0484958369177368,0.23595,1.0,0.0
Abdoulaye Seck,Senegal,DF,34,22,4,0.026255922014940605,0.1263,1.0,0.0
Kalidou Koulibaly (captain),Senegal,DF,34,103,2,0.013349370469134755,0.06325,0.0,0.0
Mamadou Sarr,Senegal,DF,20,8,0,0.0025273080014381333,0.01195,0.0,0.0
Patrick Berg,Norway,MF,28,43,0,0.005451496669411171,0.04235,0.0,0.0
Leo Østigård,Norway,DF,26,38,1,0.007817022001922882,0.06315,0.0,0.0
Désiré Doué,France,FW,21,7,2,0.052723142289094346,0.7011,2.0,0.0
Kristoffer Ajer,Norway,DF,28,52,2,0.015170258966411103,0.1196,1.0,0.0
Mohanad Ali,Iraq,FW,25,72,27,0.2498328919987884,0.484,1.0,0.0
Ali Al-Hamadi,Iraq,FW,24,20,5,0.06023950788422035,0.1145,1.0,0.0
Ibrahim Bayesh,Iraq,MF,26,76,8,0.07450426791117258,0.1399,1.0,0.0
Manaf Younis,Iraq,DF,29,34,1,0.008581275250497176,0.0163,0.0,0.0
Akam Hashim,Iraq,DF,27,14,1,0.011141235514300957,0.02045,0.0,0.0
Zaid Tahseen,Iraq,DF,25,28,1,0.008076494353409108,0.01495,0.0,0.0
Hussein Ali,Iraq,DF,24,27,1,0.007978000519830946,0.0165,0.0,0.0
Rebin Sulaka,Iraq,DF,34,56,1,0.009691793224090929,0.0169,0.0,0.0
Fahad Talib,Iraq,GK,31,21,0,4.8934054023596356e-05,0.00015,0.0,0.0
Maxence Lacroix,France,DF,26,4,0,0.0029290634605052416,0.0408,0.0,0.0
Maghnes Akliouche,France,MF,24,9,1,0.018980331224073964,0.25625,1.0,0.0
Rayan Cherki,France,MF,22,7,2,0.03280551075765871,0.4353,1.0,0.0
Robin Risser,France,GK,21,0,0,7.029752305212579e-05,0.0008,0.0,0.0
Jean-Philippe Mateta,France,FW,28,4,2,0.06489002127888535,0.85655,2.0,0.0
Lucas Hernandez,France,DF,30,42,0,0.0015976709784574045,0.02105,0.0,0.0
Ahmed Qasem,Iraq,FW,22,3,0,0.0415939459200569,0.078,0.0,0.0
Jalal Hassan (captain),Iraq,GK,35,102,0,7.489112945888445e-05,0.0002,0.0,0.0
Ali Yousif,Iraq,FW,30,7,1,0.046793189160064017,0.08915,0.0,0.0
Ahmed Basil,Iraq,GK,29,16,0,5.425297293920466e-05,0.0002,0.0,0.0
Morten Thorsby,Norway,MF,30,31,0,0.005053048407859523,0.0399,0.0,0.0
Ørjan Nyland,Norway,GK,35,71,0,6.015725947076453e-05,0.0004,0.0,0.0
Frans Putros,Iraq,DF,32,28,0,0.0016152988706818214,0.00285,0.0,0.0
Mustafa Saadoon,Iraq,DF,25,17,0,0.002012610286454366,0.004,0.0,0.0
Zaid Ismail,Iraq,MF,24,6,0,0.011744172965663125,0.022,0.0,0.0
Merchas Doski,Iraq,DF,26,31,1,0.008345710831856076,0.01545,0.0,0.0
Marko Farji,Iraq,FW,22,12,0,0.023767969097175372,0.0455,0.0,0.0
Zidane Iqbal,Iraq,MF,23,25,2,0.019410508096026555,0.03795,0.0,0.0
Aimar Sher,Iraq,MF,23,7,0,0.011091718912015174,0.0215,0.0,0.0
Kevin Yakob,Iraq,MF,25,9,0,0.009982547020813658,0.0184,0.0,0.0
Aymen Hussein,Iraq,FW,30,95,33,0.30985781221252257,0.5826,2.0,0.0
Ali Jasim,Iraq,FW,22,36,2,0.031013738317090974,0.05635,0.0,0.0
Amir Al-Ammari,Iraq,MF,28,51,3,0.030294669787561644,0.05405,0.0,0.0
Ahmed Maknzi,Iraq,DF,24,7,0,0.0029709961371469215,0.00555,0.0,0.0
Youssef Amyn,Iraq,MF,22,27,2,0.019281567572138794,0.0366,0.0,0.0
Marc Pubill,Spain,DF,22,2,0,0.0021315284315467182,0.0533,0.0,0.0
Martín Zubimendi,Spain,MF,27,26,3,0.02312840940086865,0.6002,2.0,0.0
Mohammad Ghorbani,Iran,MF,24,16,0,0.006512337691829822,0.0249,0.0,0.0
Ali Nemati,Iran,DF,30,17,0,0.0017725112669294875,0.00715,0.0,0.0
Amirhossein Hosseinzadeh,Iran,FW,25,18,5,0.056982954803510934,0.2196,1.0,0.0
Aria Yousefi,Iran,DF,24,14,1,0.009812115941931092,0.03685,0.0,0.0
Mehdi Torabi,Iran,MF,31,52,7,0.038504433933034626,0.1485,1.0,0.0
Rouzbeh Cheshmi,Iran,MF,32,40,3,0.01782488587919807,0.0679,0.0,0.0
Saman Ghoddos,Iran,MF,32,68,3,0.01956224817375282,0.07695,0.0,0.0
Hossein Kanaanizadegan,Iran,DF,32,65,6,0.030755276008463946,0.11895,1.0,0.0
Payam Niazmand,Iran,GK,31,15,0,4.884253268872366e-05,0.0005,0.0,0.0
Ali Alipour,Iran,FW,30,14,1,0.028668443099903015,0.11015,1.0,0.0
Mehdi Ghayedi,Iran,FW,27,30,10,0.0676281221843866,0.2566,1.0,0.0
Mohammad Mohebi,Iran,MF,27,36,14,0.06921090802274459,0.2707,1.0,0.0
Alireza Jahanbakhsh,Iran,MF,32,98,17,0.0957134402046915,0.3747,1.0,0.0
Saeid Ezatolahi,Iran,MF,29,83,2,0.014786371598166795,0.0584,0.0,0.0
Milad Mohammadi,Iran,DF,32,76,1,0.0063129804155493165,0.0236,0.0,0.0
Shojae Khalilzadeh,Iran,DF,37,58,2,0.010840051897752445,0.0432,0.0,0.0
Shahriyar Moghanlou,Iran,FW,31,21,2,0.029305519613234195,0.1093,1.0,0.0
Hossein Hosseini,Iran,GK,33,13,0,5.111427839517592e-05,0.0003,0.0,0.0
Saleh Hardani,Iran,DF,27,18,1,0.008585601449189706,0.03045,0.0,0.0
Ramin Rezaeian,Iran,DF,36,74,8,0.041491233125880045,0.1616,1.0,0.0
Liberato Cacace,New Zealand,DF,25,37,1,0.008480449019586155,0.02925,0.0,0.0
Alex Paulsen,New Zealand,GK,23,8,0,5.598543940241728e-05,0.0002,0.0,0.0
Elijah Just,New Zealand,MF,26,44,9,0.0733150861835963,0.25155,1.0,0.0
Sarpreet Singh,New Zealand,MF,27,28,3,0.025512575778174534,0.08405,0.0,0.0
Marko Stamenić,New Zealand,MF,24,39,3,0.027717591256145334,0.09675,0.0,0.0
Matthew Garbett,New Zealand,MF,24,37,5,0.041808613666559746,0.14345,1.0,0.0
Joe Bell,New Zealand,MF,27,32,1,0.012526545337491536,0.04415,0.0,0.0
Michael Boxall,New Zealand,DF,37,63,1,0.009563946191621733,0.03055,0.0,0.0
Tyler Bindon,New Zealand,DF,21,25,3,0.01948211261256279,0.0669,0.0,0.0
Francis de Vries,New Zealand,DF,31,20,1,0.007821495210631826,0.02625,0.0,0.0
Tim Payne,New Zealand,DF,32,51,3,0.023846105837776858,0.0817,0.0,0.0
Max Crocombe,New Zealand,GK,32,24,0,4.156184024013395e-05,0.00015,0.0,0.0
Amirmohammad Razzaghinia,Iran,MF,20,4,0,0.011722207845293679,0.047,0.0,0.0
Danial Eiri,Iran,DF,22,0,0,0.003924846376772436,0.01415,0.0,0.0
Dennis Eckert,Iran,FW,29,0,0,0.048842532688723655,0.1843,1.0,0.0
Ehsan Hajsafi (captain),Iran,DF,36,146,7,0.039566189426796426,0.15785,1.0,0.0
Alireza Beiranvand,Iran,GK,33,86,0,4.4339808000319156e-05,5e-05,0.0,0.0
Álex Baena,Spain,MF,24,17,2,0.014724463069986217,0.37915,1.0,0.0
Trézéguet,Egypt,FW,31,96,23,0.15970585768649032,0.63235,2.0,0.0
Ramy Rabia,Egypt,DF,33,44,5,0.027828057314553328,0.10785,1.0,0.0
Hossam Abdelmaguid,Egypt,DF,25,13,0,0.0018923480533164872,0.0079,0.0,0.0
Mohamed Hany,Egypt,DF,30,42,0,0.001310087113834491,0.0048,0.0,0.0
Yasser Ibrahim,Egypt,DF,33,17,1,0.008240870554765347,0.03185,0.0,0.0
Mohamed El Shenawy,Egypt,GK,37,76,0,5.00964129063755e-05,0.00035,0.0,0.0
Matias Fernandez-Pardo,Belgium,FW,21,2,0,0.028567171412941062,0.3035,1.0,0.0
Nathan Ngoy,Belgium,DF,23,4,0,0.0021822144829329974,0.02315,0.0,0.0
Amadou Onana,Belgium,MF,24,29,1,0.007070374924702912,0.0737,0.0,0.0
Nicolas Raskin,Belgium,MF,25,13,2,0.018330601656637177,0.18535,1.0,0.0
Alexis Saelemaekers,Belgium,MF,26,24,2,0.012569555421694066,0.1337,1.0,0.0
Timothy Castagne,Belgium,DF,30,63,2,0.008323528361324554,0.0857,0.0,0.0
Hans Vanaken,Belgium,MF,33,34,7,0.027234036747003813,0.2947,1.0,0.0
Diego Moreira,Belgium,MF,21,3,0,0.00897825387263862,0.0978,0.0,0.0
Joaquin Seys,Belgium,DF,21,5,0,0.0020673610890944187,0.0216,0.0,0.0
Charles De Ketelaere,Belgium,FW,25,30,6,0.03222962928639504,0.33835,1.0,0.0
Mohamed Abdelmonem,Egypt,DF,27,36,3,0.01634988718065445,0.06465,0.0,0.0
Emam Ashour,Egypt,MF,28,29,0,0.0040874717951636125,0.01605,0.0,0.0
Mohamed Alaa,Egypt,GK,27,0,0,6.812452991939354e-05,0.00035,0.0,0.0
Hamza Abdelkarim,Egypt,FW,18,2,0,0.03715883450148739,0.1438,1.0,0.0
Zizo,Egypt,FW,30,63,5,0.04279617905192671,0.1702,1.0,0.0
Tarek Alaa,Egypt,DF,24,3,0,0.003005493967032068,0.01095,0.0,0.0
Mostafa Shobeir,Egypt,GK,26,9,0,5.2403484553379645e-05,5e-05,0.0,0.0
Omar Marmoush,Egypt,FW,27,49,11,0.076737976231041,0.302,1.0,0.0
Mahmoud Saber,Egypt,MF,24,15,1,0.014148940829412504,0.05545,0.0,0.0
Ibrahim Adel,Egypt,FW,25,24,3,0.030965695417906156,0.1227,1.0,0.0
Marwan Attia,Egypt,MF,27,34,1,0.009502498532346177,0.04035,0.0,0.0
Nabil Emad,Egypt,MF,30,12,0,0.007108646600284543,0.02735,0.0,0.0
Mohanad Lasheen,Egypt,MF,30,23,0,0.004808790347251309,0.02025,0.0,0.0
El Mahdy Soliman,Egypt,GK,39,0,0,6.812452991939354e-05,0.00025,0.0,0.0
Karim Hafez,Egypt,DF,30,9,0,0.00222145206258892,0.00845,0.0,0.0
Hamdy Fathy,Egypt,MF,31,63,3,0.022604313877619974,0.09185,0.0,0.0
Ahmed Fatouh,Egypt,DF,28,39,1,0.006426842445225805,0.02205,0.0,0.0
Haissem Hassan,Egypt,FW,24,4,0,0.03144209073202779,0.12825,1.0,0.0
Mostafa Ziko,Egypt,MF,29,2,2,0.0440189270248389,0.1786,1.0,0.0
Alex Rufer,New Zealand,MF,29,26,0,0.005257011143887214,0.0176,0.0,0.0
Nando Pijnaker,New Zealand,DF,27,25,0,0.0014986240471202147,0.00505,0.0,0.0
Finn Surman,New Zealand,DF,22,19,2,0.014505318390626295,0.05255,0.0,0.0
Abdullah Al-Hamdan,Saudi Arabia,FW,26,50,12,0.11136961315229398,0.29135,1.0,0.0
Khalid Al-Ghannam,Saudi Arabia,FW,25,7,0,0.032560696273855945,0.07685,0.0,0.0
Ziyad Al-Johani,Saudi Arabia,MF,24,12,0,0.00906036765881209,0.02425,0.0,0.0
Abdullah Al-Khaibari,Saudi Arabia,MF,29,40,0,0.005889799149342605,0.01445,0.0,0.0
Hassan Kadesh,Saudi Arabia,DF,33,21,2,0.0167455009408402,0.0454,0.0,0.0
Nawaf Boushal,Saudi Arabia,DF,26,25,0,0.0016697792960951767,0.0041,0.0,0.0
Saud Abdulhamid,Saudi Arabia,DF,26,55,1,0.009352857005155124,0.0247,0.0,0.0
Saleh Al-Shehri,Saudi Arabia,FW,32,55,18,0.16133678333892587,0.41625,1.0,0.0
Salem Al-Dawsari (captain),Saudi Arabia,FW,34,110,27,0.2516311511571819,0.64665,2.0,0.0
Firas Al-Buraikan,Saudi Arabia,FW,26,70,15,0.14139711644525427,0.36635,1.0,0.0
Ayman Yahya,Saudi Arabia,FW,25,27,0,0.014471420566158199,0.03835,0.0,0.0
Musab Al-Juwayr,Saudi Arabia,MF,22,35,6,0.04856683564858733,0.1279,1.0,0.0
Nasser Al-Dawsari,Saudi Arabia,MF,27,44,0,0.006007595132329458,0.01535,0.0,0.0
Hassan Al-Tambakti,Saudi Arabia,DF,27,52,1,0.009244642130715311,0.02455,0.0,0.0
Abdulelah Al-Amri,Saudi Arabia,DF,29,43,1,0.008851651270907576,0.02375,0.0,0.0
Ali Lajami,Saudi Arabia,DF,30,22,1,0.009044637853848875,0.02375,0.0,0.0
Alaa Al-Hejji,Saudi Arabia,MF,30,3,0,0.014884889725191293,0.03655,0.0,0.0
Sultan Mandash,Saudi Arabia,FW,31,7,2,0.06512139254771189,0.16675,1.0,0.0
Kosta Barbarouses,New Zealand,FW,36,76,10,0.1003351719679469,0.34445,1.0,0.0
Mohammed Al-Owais,Saudi Arabia,GK,34,64,0,6.391058651414316e-05,0.00025,0.0,0.0
Aymeric Laporte,Spain,DF,32,46,2,0.014940999291603661,0.3882,1.0,0.0
Joan Garcia,Spain,GK,25,2,0,4.263056863093437e-05,0.0012,0.0,0.0
Pedro Porro,Spain,DF,26,18,0,0.0012180162465981247,0.0303,0.0,0.0
Yéremy Pino,Spain,FW,23,23,4,0.03735249822900916,0.9676,2.0,0.0
Gavi,Spain,MF,21,30,5,0.03675834396237592,0.9468,2.0,0.0
Marcos Llorente,Spain,DF,31,24,0,0.0013675971891628066,0.037,0.0,0.0
Eric García,Spain,DF,25,21,0,0.0012992173297046662,0.03395,0.0,0.0
Álex Grimaldo,Spain,DF,30,14,0,0.0012180162465981247,0.03055,0.0,0.0
Ismaïla Sarr,Senegal,FW,28,83,19,0.12768399555091786,0.61285,2.0,0.0
David Raya,Spain,GK,30,13,0,3.172507432999767e-05,0.0013,0.0,0.0
Mohammed Abu Al-Shamat,Saudi Arabia,DF,23,7,0,0.0031010186927481853,0.00765,0.0,0.0
Jehad Thakri,Saudi Arabia,DF,24,8,0,0.0029600632976232682,0.00755,0.0,0.0
Moteb Al-Harbi,Saudi Arabia,DF,26,13,0,0.002411903427693033,0.007,0.0,0.0
Mohamed Kanno,Saudi Arabia,MF,31,77,8,0.07227887893583879,0.18135,1.0,0.0
Ahmed Al-Kassar,Saudi Arabia,GK,35,9,0,6.679117184380708e-05,0.0,0.0,0.0
Ali Majrashi,Saudi Arabia,DF,26,21,0,0.0018606112156489114,0.0054,0.0,0.0
Nawaf Al-Aqidi,Saudi Arabia,GK,26,22,0,5.00933788828553e-05,0.00025,0.0,0.0
Hélio Varela,Cape Verde,MF,24,20,0,0.007992360291794126,0.0169,0.0,0.0
Kelvin Pires,Cape Verde,DF,26,5,1,0.020375260612304102,0.03975,0.0,0.0
Kevin Pina,Cape Verde,MF,29,31,3,0.03509680292637541,0.07225,0.0,0.0
Logan Costa,Cape Verde,DF,25,28,0,0.0020855485609900496,0.0041,0.0,0.0
Roberto Lopes,Cape Verde,DF,33,45,0,0.002386008946895396,0.0049,0.0,0.0
Diney,Cape Verde,DF,31,30,2,0.01919652652729478,0.0362,0.0,0.0
Stopira,Cape Verde,DF,38,62,4,0.043384898354279854,0.0817,0.0,0.0
Vozinha,Cape Verde,GK,40,86,0,9.277095323024706e-05,0.0001,0.0,0.0
Tommy Smith,New Zealand,DF,36,56,2,0.01683254529725425,0.0574,0.0,0.0
Lachlan Bayliss,New Zealand,MF,23,4,0,0.01134638238555657,0.03795,0.0,0.0
Callan Elliot,New Zealand,DF,26,11,0,0.002127446697291857,0.00735,0.0,0.0
Ryan Thomas,New Zealand,MF,31,25,3,0.024677342642579536,0.0876,0.0,0.0
Michael Woud,New Zealand,GK,27,6,0,5.909574159144047e-05,0.00015,0.0,0.0
Jesse Randall,New Zealand,FW,23,11,2,0.042548933945837135,0.1443,1.0,0.0
Callum McCowatt,New Zealand,MF,27,32,4,0.033404120899977435,0.11615,1.0,0.0
Ben Old,New Zealand,MF,23,24,2,0.01795471498373787,0.06005,0.0,0.0
Ben Waine,New Zealand,FW,25,31,9,0.07972080481060695,0.2719,1.0,0.0
Jovane Cabral,Cape Verde,MF,27,27,2,0.02489486387539701,0.0508,0.0,0.0
João Paulo,Cape Verde,MF,28,42,1,0.017849147684246915,0.03445,0.0,0.0
Gilson Benchimol,Cape Verde,FW,24,22,6,0.07992360291794126,0.1549,1.0,0.0
Telmo Arcanjo,Cape Verde,MF,24,16,1,0.020646930753801494,0.0401,0.0,0.0
Wagner Pina,Cape Verde,DF,23,13,0,0.0028676292713613184,0.0054,0.0,0.0
CJ dos Santos,Cape Verde,GK,25,1,0,9.990450364742658e-05,0.00035,0.0,0.0
Steven Moreira,Cape Verde,DF,31,20,0,0.002277235009610459,0.00425,0.0,0.0
Nuno da Costa,Cape Verde,MF,35,9,2,0.043358554582983135,0.0859,0.0,0.0
Ryan Mendes (captain),Cape Verde,FW,36,98,22,0.27505851675412696,0.5366,2.0,0.0
Dailon Livramento,Cape Verde,FW,25,22,7,0.08991405328268393,0.17815,1.0,0.0
Willy Semedo,Cape Verde,MF,32,38,3,0.03687590353554651,0.073,0.0,0.0
Jamiro Monteiro,Cape Verde,MF,32,55,5,0.06048090826871144,0.1206,1.0,0.0
Yannick Semedo,Cape Verde,MF,30,10,1,0.026546053826316206,0.0508,0.0,0.0
Laros Duarte,Cape Verde,MF,29,13,1,0.02322779709802668,0.04485,0.0,0.0
Deroy Duarte,Cape Verde,MF,26,30,0,0.0073248534825016386,0.0141,0.0,0.0
Sidny Lopes Cabral,Cape Verde,DF,23,9,3,0.043762516271644465,0.08455,0.0,0.0
Márcio Rosa,Cape Verde,GK,29,11,0,7.553755153829815e-05,5e-05,0.0,0.0
Garry Rodrigues,Cape Verde,MF,35,60,10,0.11420581415675092,0.223,1.0,0.0
Pape Matar Sarr,Senegal,MF,23,40,4,0.02537219013208479,0.1234,1.0,0.0
Ramiz Zerrouki,Algeria,MF,28,52,3,0.02211160335827204,0.1134,1.0,0.0
Moussa Niakhaté,Senegal,DF,30,31,0,0.0012355728007030875,0.0056,0.0,0.0
Marin Pongračić,Croatia,DF,28,20,0,0.0019162757078249938,0.0151,0.0,0.0
Dominik Livaković,Croatia,GK,31,75,0,3.741758740333082e-05,0.00015,0.0,0.0
Jakhongir Urozov,Uzbekistan,DF,22,4,0,0.002573473217916173,0.00955,0.0,0.0
Avazbek Ulmasaliev,Uzbekistan,DF,26,0,0,0.003308751280177937,0.01035,0.0,0.0
Bekhruz Karimov,Uzbekistan,DF,18,2,0,0.002895157370155695,0.01055,0.0,0.0
Sherzod Esanov,Uzbekistan,MF,23,1,0,0.012352671445997632,0.04385,0.0,0.0
Abbosbek Fayzullaev,Uzbekistan,MF,22,32,8,0.05219073187086172,0.18215,1.0,0.0
Azizbek Amonov,Uzbekistan,FW,28,12,2,0.035293346988564664,0.1205,1.0,0.0
Azizjon Ganiev,Uzbekistan,MF,28,19,0,0.004941068578399053,0.0165,0.0,0.0
Abdulla Abdullaev,Uzbekistan,DF,28,17,0,0.0014942747716932619,0.00635,0.0,0.0
Dostonbek Khamdamov,Uzbekistan,MF,29,34,5,0.034923968589974666,0.12315,1.0,0.0
Botirali Ergashev,Uzbekistan,GK,30,2,0,5.79031474031139e-05,0.0002,0.0,0.0
Umar Eshmurodov,Uzbekistan,DF,33,29,0,0.0013436889419877393,0.0045,0.0,0.0
Sherzod Nasrullaev,Uzbekistan,DF,27,31,2,0.012352671445997632,0.04195,0.0,0.0
Abduvohid Nematov,Uzbekistan,GK,25,8,0,4.87605451815696e-05,0.0003,0.0,0.0
Oston Urunov,Uzbekistan,MF,25,42,10,0.06820659486189319,0.23555,1.0,0.0
Josip Stanišić,Croatia,DF,26,31,0,0.0014478527570233287,0.0109,0.0,0.0
Joško Gvardiol,Croatia,DF,24,48,4,0.017864634824562037,0.14375,1.0,0.0
Odiljon Hamrobekov,Uzbekistan,MF,30,72,1,0.01244388821920943,0.0437,0.0,0.0
Duje Ćaleta-Car,Croatia,DF,29,38,1,0.006264747506350941,0.05135,0.0,0.0
Dominik Kotarski,Croatia,GK,26,4,0,7.665102831299977e-05,0.0005,0.0,0.0
Luka Vušković,Croatia,DF,19,5,1,0.01714562475422363,0.1363,1.0,0.0
Luka Sučić,Croatia,MF,23,21,1,0.014659509164861204,0.1136,1.0,0.0
Igor Matanović,Croatia,FW,23,9,2,0.05791411028093314,0.45195,1.0,0.0
Toni Fruk,Croatia,MF,25,7,1,0.026061349626419917,0.2055,1.0,0.0
Kristijan Jakić,Croatia,DF,29,17,2,0.018915495696595102,0.1443,1.0,0.0
Petar Sučić,Croatia,MF,22,17,1,0.01675372475984138,0.12835,1.0,0.0
Martin Baturina,Croatia,MF,23,19,1,0.01563680977585195,0.12375,1.0,0.0
Mario Pašalić,Croatia,MF,31,85,12,0.059369238679951565,0.45825,1.0,0.0
Nikola Vlašić,Croatia,MF,28,63,10,0.04816553656340109,0.37355,1.0,0.0
Ivor Pandur,Croatia,GK,26,0,0,8.687116542139972e-05,0.0004,0.0,0.0
Ante Budimir,Croatia,FW,34,38,6,0.04435974404497007,0.35275,1.0,0.0
Mateo Kovačić,Croatia,MF,32,113,5,0.027687807659516315,0.2129,1.0,0.0
Nikola Moro,Croatia,MF,28,10,0,0.009928133191017112,0.07585,0.0,0.0
Josip Šutalo,Croatia,DF,26,33,0,0.0013862420014053147,0.0109,0.0,0.0
Jaloliddin Masharipov,Uzbekistan,MF,32,74,12,0.08880797262731657,0.30505,1.0,0.0
Jamshid Iskanderov,Uzbekistan,MF,32,38,4,0.029665928528636844,0.1013,0.0,0.0
Martin Erlić,Croatia,DF,28,13,1,0.012065439641861072,0.09575,0.0,0.0
João Neves,Portugal,MF,21,22,3,0.021569540281829048,0.23835,1.0,0.0
Renato Veiga,Portugal,DF,22,13,1,0.008671964294595012,0.09835,0.0,0.0
José Sá,Portugal,GK,33,5,0,5.351840821807208e-05,0.0007,0.0,0.0
João Félix,Portugal,FW,26,54,12,0.04162542861405606,0.4826,1.0,0.0
Bernardo Silva,Portugal,MF,31,109,14,0.043984808803621336,0.50575,1.0,0.0
Gonçalo Ramos,Portugal,FW,24,25,10,0.06611097485761845,0.7734,2.0,0.0
Bruno Fernandes,Portugal,MF,31,89,29,0.08677647650059349,1.01285,2.0,0.0
Matheus Nunes,Portugal,MF,27,20,2,0.016918722597971173,0.19765,1.0,0.0
Diogo Dalot,Portugal,DF,27,35,3,0.01242391619348102,0.14255,1.0,0.0
Tomás Araújo,Portugal,DF,24,5,0,0.0024646635363585823,0.0294,0.0,0.0
Rúben Dias,Portugal,DF,29,76,3,0.008979459273075847,0.10305,0.0,0.0
Nélson Semedo,Portugal,DF,32,50,0,0.0007316969873564542,0.0083,0.0,0.0
Diogo Costa,Portugal,GK,26,43,0,2.565951078948661e-05,0.0002,0.0,0.0
Arthur Masuaku,DR Congo,DF,32,45,4,0.03546997394489513,0.0838,0.0,0.0
Edo Kayembe,DR Congo,MF,28,43,2,0.024397434704909904,0.0591,0.0,0.0
Gédéon Kalulu,DR Congo,DF,28,28,0,0.001823728507842102,0.0039,0.0,0.0
Gonçalo Inácio,Portugal,DF,24,22,2,0.011707151797703267,0.1378,1.0,0.0
Francisco Trincão,Portugal,FW,26,18,3,0.03468785717838005,0.4016,1.0,0.0
Otabek Shukurov,Uzbekistan,MF,29,84,9,0.06905751534360104,0.2326,1.0,0.0
Rafael Leão,Portugal,FW,27,44,5,0.02473964153476917,0.28885,1.0,0.0
Akmal Mozgovoy,Uzbekistan,MF,27,25,1,0.009961831811288412,0.0324,0.0,0.0
Rustam Ashurmatov,Uzbekistan,DF,29,49,1,0.007748091408779877,0.0262,0.0,0.0
Farrukh Sayfiev,Uzbekistan,DF,35,46,1,0.00763740438865445,0.0264,0.0,0.0
Khojiakbar Alijonov,Uzbekistan,DF,29,40,2,0.013282442415051218,0.04485,0.0,0.0
Abdukodir Khusanov,Uzbekistan,DF,22,27,0,0.001312046140998962,0.0047,0.0,0.0
Utkir Yusupov,Uzbekistan,GK,35,40,0,4.553980256588989e-05,0.0002,0.0,0.0
Francisco Conceição,Portugal,FW,23,17,4,0.0432264066376736,0.50215,1.0,0.0
Nuno Mendes,Portugal,DF,23,44,1,0.004036948895759748,0.044,0.0,0.0
Samú Costa,Portugal,DF,25,6,0,0.0023414303595406536,0.0278,0.0,0.0
Vitinha,Portugal,MF,26,38,0,0.003058194755318405,0.03605,0.0,0.0
Rui Silva,Portugal,GK,32,3,0,5.6761948110076445e-05,0.00075,0.0,0.0
Rúben Neves,Portugal,MF,29,67,1,0.005058810907815077,0.0604,0.0,0.0
João Cancelo,Portugal,DF,32,68,12,0.03323738825429527,0.3831,1.0,0.0
Gonçalo Guedes,Portugal,FW,29,34,8,0.04356149506122146,0.49875,1.0,0.0
Pedro Neto,Portugal,FW,26,25,3,0.027546239524007688,0.3196,1.0,0.0
Marco Pašalić,Croatia,FW,25,15,1,0.032576687033024895,0.25915,1.0,0.0
Petar Musa,Croatia,FW,28,11,1,0.03909202443962987,0.3039,1.0,0.0
Ibrahim Mbaye,Senegal,FW,18,11,3,0.05560077603163893,0.26565,1.0,0.0
Adalberto Carrasquilla,Panama,MF,27,73,3,0.02478801920351717,0.07105,0.0,0.0
Cristian Martínez,Panama,MF,29,66,2,0.018014652744877655,0.05295,0.0,0.0
Edgardo Fariña,Panama,DF,24,18,0,0.0023456579094892783,0.0076,0.0,0.0
Fidel Escobar,Panama,DF,31,99,4,0.02794861778173774,0.08485,0.0,0.0
José Córdoba,Panama,DF,25,32,1,0.008158810119962707,0.0235,0.0,0.0
César Blackman,Panama,DF,28,40,3,0.01807025352495444,0.05155,0.0,0.0
Luis Mejía,Panama,GK,35,56,0,4.887696481168356e-05,0.0,0.0,0.0
Marvin Senaya,Ghana,DF,25,2,0,0.005144306610472259,0.01025,0.0,0.0
Prince Kwabena Adu,Ghana,FW,22,5,0,0.047033660438603506,0.1101,1.0,0.0
Ernest Nuamah,Ghana,FW,22,18,4,0.07316347179338324,0.1685,1.0,0.0
Derrick Luckassen,Ghana,DF,30,1,0,0.005487260384503743,0.0129,0.0,0.0
Kamaldeen Sulemana,Ghana,FW,24,28,1,0.02669478024893713,0.0623,0.0,0.0
Kojo Peprah Oppong,Ghana,DF,22,4,0,0.004572716987086453,0.01215,0.0,0.0
Augustine Boakye,Ghana,MF,25,0,0,0.02394440895056179,0.05485,0.0,0.0
Iñaki Williams,Ghana,FW,31,26,2,0.037626928350882806,0.0923,0.0,0.0
Jerome Opoku,Ghana,DF,27,11,1,0.01646178115351123,0.03825,0.0,0.0
José Luis Rodríguez,Panama,MF,27,70,8,0.05708346754549711,0.164,1.0,0.0
Tomás Rodríguez,Panama,FW,27,13,4,0.08188478520398934,0.23405,1.0,0.0
Benjamin Asare,Ghana,GK,33,11,0,8.030137148054258e-05,0.00015,0.0,0.0
Ismael Díaz,Panama,MF,29,57,17,0.11199550658672103,0.31125,1.0,0.0
Roderick Miller,Panama,DF,34,50,2,0.01319432574087719,0.0372,0.0,0.0
Azarias Londoño,Panama,FW,24,11,0,0.030024421241462762,0.08555,0.0,0.0
Michael Amir Murillo,Panama,DF,30,94,9,0.060431097845953415,0.17445,1.0,0.0
Orlando Mosquera,Panama,GK,31,48,0,4.61914172945581e-05,0.0001,0.0,0.0
César Yanis,Panama,MF,30,56,5,0.03638780604189217,0.1096,1.0,0.0
Aníbal Godoy (captain),Panama,MF,36,159,4,0.03369799748747703,0.0965,0.0,0.0
Alberto Quintero,Panama,MF,38,141,7,0.054310622502238066,0.1572,1.0,0.0
Cecilio Waterman,Panama,FW,35,55,15,0.10965950726862375,0.32275,1.0,0.0
José Fajardo,Panama,FW,32,68,17,0.1259465981947074,0.36865,1.0,0.0
Andrés Andrade,Panama,DF,27,50,1,0.007330180967153994,0.02,0.0,0.0
Eric Davis,Panama,DF,35,107,9,0.0613980804209458,0.185,1.0,0.0
Carlos Harvey,Panama,DF,26,28,3,0.023233183103512852,0.0693,0.0,0.0
Jiovany Ramos,Panama,DF,29,23,2,0.018258093998186814,0.0533,0.0,0.0
César Samudio,Panama,GK,32,5,0,8.578406068989361e-05,0.0003,0.0,0.0
Yoel Bárcenas,Panama,MF,32,104,10,0.0733118042139369,0.2114,1.0,0.0
Abdul Rahman Baba,Ghana,DF,31,51,1,0.010674517976211986,0.02575,0.0,0.0
Elisha Owusu,Ghana,MF,28,20,0,0.008496403176005796,0.01995,0.0,0.0
Jordan Pickford,England,GK,32,84,0,4.5932318843597446e-05,0.0007,0.0,0.0
Eberechi Eze,England,MF,27,17,3,0.02432245174479525,0.3678,1.0,0.0
Ollie Watkins,England,FW,30,22,7,0.05203105127069953,0.7759,2.0,0.0
Anthony Gordon,England,FW,25,19,3,0.032003225979993756,0.4699,1.0,0.0
Morgan Rogers,England,MF,23,15,1,0.012407404533782196,0.18425,1.0,0.0
Kobbie Mainoo,England,MF,21,14,0,0.005734978095614881,0.08475,0.0,0.0
Dan Burn,England,DF,34,8,0,0.002036568925999603,0.02955,0.0,0.0
Jordan Henderson,England,MF,35,90,3,0.021108076933924767,0.31315,1.0,0.0
Dean Henderson,England,GK,29,5,0,5.1205161567990014e-05,0.00075,0.0,0.0
Tino Livramento,England,DF,23,6,0,0.002240225818599563,0.03425,0.0,0.0
Jude Bellingham,England,MF,22,48,6,0.034485940501265605,0.4983,1.0,0.0
Elliot Anderson,England,MF,23,9,0,0.007168722619518602,0.109,1.0,0.0
Marc Guéhi,England,DF,25,29,1,0.005255130332811916,0.0781,0.0,0.0
John Stones,England,DF,32,89,3,0.017505724083543735,0.2596,1.0,0.0
Declan Rice,England,MF,27,73,7,0.042255389850454364,0.62475,2.0,0.0
Nico O'Reilly,England,DF,21,5,0,0.0023581324406311186,0.03595,0.0,0.0
Ezri Konsa,England,DF,28,20,1,0.006588899466469303,0.09735,0.0,0.0
Noni Madueke,England,FW,24,11,1,0.026882709823194753,0.4018,1.0,0.0
Ivan Toney,England,FW,30,8,1,0.031626717439052654,0.46525,1.0,0.0
Gideon Mensah,Ghana,DF,27,40,0,0.002015522638936177,0.00475,0.0,0.0
James Trafford,England,GK,23,2,0,5.600564546498908e-05,0.0007,0.0,0.0
Christopher Bonsu Baah,Ghana,FW,21,9,0,0.03658173589669162,0.0855,0.0,0.0
Joseph Anang,Ghana,GK,26,1,0,0.00010620503970007244,0.00045,0.0,0.0
Antoine Semenyo,Ghana,MF,26,34,3,0.031248662994066496,0.0721,0.0,0.0
Brandon Thomas-Asante,Ghana,FW,27,8,1,0.058100404071216104,0.13495,1.0,0.0
Kwasi Sibo,Ghana,MF,27,8,0,0.013862552550325246,0.03395,0.0,0.0
Abdul Fatawu,Ghana,FW,22,28,3,0.04449130041489521,0.10595,1.0,0.0
Abdul Mumin,Ghana,DF,28,5,0,0.004332047671976639,0.01175,0.0,0.0
Thomas Partey,Ghana,MF,32,57,15,0.14414662233205847,0.33245,1.0,0.0
Jonas Adjetey,Ghana,DF,22,10,0,0.0034295377403148392,0.00835,0.0,0.0
Caleb Yirenkyi,Ghana,MF,20,11,1,0.02693746006938201,0.06235,0.0,0.0
Alidu Seidu,Ghana,DF,26,24,1,0.010830119179941597,0.02655,0.0,0.0
Lawrence Ati-Zigi,Ghana,GK,29,29,0,5.580264797800417e-05,0.00025,0.0,0.0
Jarell Quansah,England,DF,23,3,0,0.002635559786587721,0.0388,0.0,0.0
Djed Spence,England,DF,25,6,0,0.002240225818599563,0.03365,0.0,0.0
Reece James,England,DF,26,24,1,0.005895331101577797,0.0885,0.0,0.0
Simon Banza,DR Congo,FW,29,15,2,0.05015253396565781,0.1165,1.0,0.0
Chancel Mbemba (captain),DR Congo,DF,31,109,7,0.07030250991815715,0.167,1.0,0.0
Matthieu Epolo,DR Congo,GK,21,1,0,9.706942057869255e-05,0.0004,0.0,0.0
David Affengruber,Austria,DF,25,1,0,0.00358409812988428,0.0163,0.0,0.0
Nahuel Molina,Argentina,DF,28,58,1,0.0039185021762355296,0.0506,0.0,0.0
Facundo Medina,Argentina,DF,27,9,0,0.0021149337083130296,0.02655,0.0,0.0
Enzo Fernández,Argentina,MF,25,42,6,0.02496419864001191,0.3232,1.0,0.0
Emiliano Martínez,Argentina,GK,33,59,0,2.579743858140028e-05,0.00025,0.0,0.0
José Manuel López,Argentina,FW,25,5,0,0.027796271594971247,0.371,1.0,0.0
Alexis Mac Allister,Argentina,MF,27,46,6,0.023212325051239147,0.30185,1.0,0.0
Nicolás Otamendi,Argentina,DF,38,132,8,0.029026161420337784,0.38385,1.0,0.0
Nico Paz,Argentina,FW,21,9,1,0.032428983527466454,0.423,1.0,0.0
Giuliano Simeone,Argentina,FW,23,13,2,0.035377072939054316,0.46525,1.0,0.0
Thiago Almada,Argentina,FW,25,16,5,0.05448069232614365,0.7071,2.0,0.0
Nicolás González,Argentina,MF,28,51,6,0.02176717062062974,0.27575,1.0,0.0
Exequiel Palacios,Argentina,MF,27,40,0,0.00305213962611449,0.0397,0.0,0.0
Cristian Romero,Argentina,DF,28,51,3,0.009923268959404735,0.13005,1.0,0.0
Gerónimo Rulli,Argentina,GK,34,8,0,5.1203658201262825e-05,0.0007,0.0,0.0
Giovani Lo Celso,Argentina,MF,30,67,4,0.016044863234512634,0.21,1.0,0.0
Alexander Schlager,Austria,GK,30,26,0,3.840105139161729e-05,0.00025,0.0,0.0
Kevin Danso,Austria,DF,27,32,0,0.0011687276510492217,0.00505,0.0,0.0
Valentín Barco,Argentina,MF,21,4,2,0.03632046155076243,0.4654,1.0,0.0
Xaver Schlager,Austria,MF,28,51,4,0.025345803241088257,0.1146,1.0,0.0
Konrad Laimer,Austria,MF,29,57,7,0.0419707645798038,0.1929,1.0,0.0
Dejan Ljubičić,Austria,MF,28,9,1,0.01935412990137511,0.08985,0.0,0.0
Romano Schmid,Austria,MF,26,34,3,0.018430466801235782,0.0847,0.0,0.0
Carney Chukwuemeka,Austria,MF,22,3,1,0.02764875700196445,0.12865,1.0,0.0
Phillipp Mwene,Austria,DF,32,30,0,0.0012218516351878228,0.0049,0.0,0.0
Philipp Lienhart,Austria,DF,29,41,3,0.015552165290868288,0.07135,0.0,0.0
Saša Kalajdžić,Austria,FW,28,22,4,0.04162178473414003,0.18905,1.0,0.0
Patrick Pentz,Austria,GK,29,18,0,4.480122662355351e-05,5e-05,0.0,0.0
Florian Wiegele,Austria,GK,25,1,0,6.936964122356671e-05,0.0002,0.0,0.0
Michael Gregoritsch,Austria,FW,32,75,24,0.14901900540030588,0.68365,2.0,0.0
Florian Grillitsch,Austria,MF,30,58,1,0.009712650091107564,0.0425,0.0,0.0
Marcel Sabitzer,Austria,MF,32,98,26,0.15467520736674914,0.70575,2.0,0.0
David Alaba (captain),Austria,DF,33,113,15,0.08710255638485959,0.3999,1.0,0.0
Nicolas Seiwald,Austria,MF,25,47,1,0.009363294960006487,0.04185,0.0,0.0
Stefan Posch,Austria,DF,29,52,5,0.026552477325872688,0.12175,1.0,0.0
Julián Alvarez,Argentina,FW,26,51,14,0.05292410111682526,0.6848,2.0,0.0
Rodrigo De Paul,Argentina,MF,32,87,2,0.009673102515049993,0.12405,1.0,0.0
Yoane Wissa,DR Congo,FW,29,38,9,0.09731725739719134,0.2308,1.0,0.0
Nadhir Benbouali,Algeria,FW,26,3,1,0.05199192161101796,0.27215,1.0,0.0
Farès Chaïbi,Algeria,MF,23,29,3,0.019756930212186826,0.0993,0.0,0.0
Amine Gouiri,Algeria,FW,26,22,8,0.06708635046582963,0.3549,1.0,0.0
Houssem Aouar,Algeria,MF,27,20,6,0.045618718316764145,0.23595,1.0,0.0
Thomas Meunier,Belgium,DF,34,80,10,0.039442199011897806,0.4187,1.0,0.0
Zineddine Belaïd,Algeria,DF,27,10,1,0.010831650335628742,0.05565,0.0,0.0
Mohamed Amine Tougai,Algeria,DF,26,29,2,0.010882030104631667,0.05695,0.0,0.0
Achref Abada,Algeria,DF,26,7,1,0.012379028955004276,0.06315,0.0,0.0
Aïssa Mandi,Algeria,DF,34,117,7,0.04564849010898795,0.24115,1.0,0.0
Melvin Mastil,Algeria,GK,26,1,0,6.708635046582963e-05,0.0004,0.0,0.0
Pape Gueye,Senegal,MF,27,41,5,0.030820197063691695,0.14555,1.0,0.0
El Hadji Malick Diouf,Senegal,DF,21,20,1,0.008176584710535137,0.03815,0.0,0.0
Antoine Mendy,Senegal,DF,22,7,0,0.0026476560015066155,0.01235,0.0,0.0
Mory Diaw,Senegal,GK,32,5,0,6.354374403615879e-05,0.00035,0.0,0.0
Bara Sapoko Ndiaye,Senegal,MF,18,1,0,0.014826873608437048,0.0691,0.0,0.0
Habib Diarra,Senegal,MF,22,21,4,0.033360465618983356,0.16205,1.0,0.0
Anis Hadj Moussa,Algeria,FW,24,14,1,0.02712621997096589,0.1381,1.0,0.0
Jaouen Hadjam,Algeria,DF,23,17,3,0.02180306390139463,0.11565,1.0,0.0
Lisandro Martínez,Argentina,DF,28,28,1,0.00579088991561901,0.0772,0.0,0.0
Hicham Boudaoui,Algeria,MF,26,32,0,0.004197061705138541,0.0213,0.0,0.0
Leandro Paredes,Argentina,MF,31,77,5,0.01974925096822707,0.2555,1.0,0.0
Gonzalo Montiel,Argentina,DF,29,39,2,0.008260212785298059,0.1051,0.0,0.0
Nicolás Tagliafico,Argentina,DF,33,76,1,0.004107671246812418,0.0517,0.0,0.0
Juan Musso,Argentina,GK,32,4,0,5.722761798964669e-05,0.0006,0.0,0.0
Samir Chergui,Algeria,DF,27,4,0,0.0028884400895009977,0.01465,0.0,0.0
Farès Ghedjemis,Algeria,FW,23,1,1,0.06239030593322155,0.32545,1.0,0.0
Yacine Titraoui,Algeria,MF,22,5,0,0.010398384322203592,0.0537,0.0,0.0
Luca Zidane,Algeria,GK,28,7,0,5.620748282272212e-05,0.0002,0.0,0.0
Ibrahim Maza,Algeria,MF,20,16,2,0.021567019334940783,0.11175,1.0,0.0
Ramy Bensebaini,Algeria,DF,31,81,7,0.04357859905951157,0.2265,1.0,0.0
Nabil Bentaleb,Algeria,MF,31,59,6,0.04040515050913396,0.20595,1.0,0.0
Mohamed Amoura,Algeria,FW,26,45,19,0.12337066144987312,0.65105,2.0,0.0
Rafik Belghali,Algeria,DF,24,12,1,0.009998446463657301,0.05285,0.0,0.0
Oussama Benbot,Algeria,GK,31,2,0,6.498990201377246e-05,0.00015,0.0,0.0
Rayan Aït-Nouri,Algeria,DF,25,28,0,0.0012379028955004274,0.00535,0.0,0.0
Patrick Wimmer,Austria,FW,25,30,1,0.01654199136869668,0.0773,0.0,0.0
Alexander Prass,Austria,MF,25,19,0,0.005734557007814849,0.0274,0.0,0.0
Marco Friedl,Austria,DF,28,11,0,0.002150458877930568,0.0101,0.0,0.0
Aaron Wan-Bissaka,DR Congo,DF,28,12,0,0.0028934154210956435,0.0067,0.0,0.0
Andrés Gómez,Colombia,FW,23,8,2,0.05906379552030783,0.4381,1.0,0.0
Luis Suárez,Colombia,FW,28,12,5,0.08367371032043609,0.61535,2.0,0.0
Álvaro Montero,Colombia,GK,31,12,0,5.976693594316864e-05,0.0002,0.0,0.0
Davinson Sánchez,Colombia,DF,29,79,4,0.02767145849799204,0.20175,1.0,0.0
Deiver Machado,Colombia,DF,32,15,0,0.00216397526690783,0.0163,0.0,0.0
Jaminton Campaz,Colombia,FW,26,10,1,0.03963491541494341,0.28985,1.0,0.0
Juan Fernando Quintero,Colombia,MF,33,49,6,0.04256500805918978,0.31505,1.0,0.0
Cucho Hernández,Colombia,FW,27,9,2,0.055782473546957395,0.40835,1.0,0.0
Willer Ditta,Colombia,DF,28,5,0,0.003302909617911951,0.0229,0.0,0.0
Johan Mojica,Colombia,DF,33,45,1,0.007307511251946482,0.05295,0.0,0.0
Jefferson Lerma,Colombia,MF,31,65,5,0.03802128018176506,0.27835,1.0,0.0
Juan Portilla,Colombia,MF,27,10,0,0.009562709750906983,0.0685,0.0,0.0
Gustavo Puerta,Colombia,DF,22,6,1,0.015688820685081768,0.1147,1.0,0.0
Yerry Mina,Colombia,DF,31,54,8,0.050215497908964006,0.3652,1.0,0.0
Camilo Vargas,Colombia,GK,37,42,0,4.471114291931699e-05,0.00015,0.0,0.0
Lionel Mpasi,DR Congo,GK,31,29,0,5.378453565500437e-05,0.0002,0.0,0.0
Steve Kapuadi,DR Congo,DF,28,4,0,0.004179377830471485,0.01015,0.0,0.0
Paul Wanner,Austria,MF,20,3,0,0.012288336445317533,0.05525,0.0,0.0
Axel Tuanzebe,DR Congo,DF,28,14,1,0.013433714455086915,0.03315,0.0,0.0
Fiston Mayele,DR Congo,FW,31,37,6,0.07041177891146899,0.1643,1.0,0.0
Charles Pickel,DR Congo,MF,29,34,1,0.014881624623991554,0.03415,0.0,0.0
Cédric Bakambu,DR Congo,FW,35,70,21,0.22300275171841405,0.5169,1.0,0.0
Timothy Fayulu,DR Congo,GK,26,3,0,9.118642539210512e-05,0.00035,0.0,0.0
Aaron Tshibola,DR Congo,MF,31,17,1,0.01934454881532516,0.04825,0.0,0.0
Noah Sadiki,DR Congo,MF,21,20,0,0.007765553646295403,0.0183,0.0,0.0
Meschak Elia,DR Congo,FW,28,69,12,0.13551705681349777,0.3208,1.0,0.0
Joris Kayembe,DR Congo,DF,31,26,1,0.00940360011856084,0.0231,0.0,0.0
Gaël Kakuta,DR Congo,FW,34,31,5,0.05936236293026042,0.14155,1.0,0.0
Théo Bongonda,DR Congo,MF,30,38,7,0.06619017914992642,0.15845,1.0,0.0
Brian Cipenga,DR Congo,FW,28,8,0,0.03540178868164081,0.08185,0.0,0.0
Samuel Moutoussamy,DR Congo,MF,29,58,0,0.007358348066423786,0.01665,0.0,0.0
Nathanaël Mbuku,DR Congo,MF,24,19,2,0.028085419020768373,0.0638,0.0,0.0
Ngal'ayel Mukau,DR Congo,MF,21,14,0,0.009629286521406301,0.02315,0.0,0.0
Dylan Batubinsika,DR Congo,DF,30,14,1,0.013433714455086915,0.03065,0.0,0.0
Jhon Arias,Colombia,MF,28,38,6,0.040419916024553394,0.29155,1.0,0.0
Jhon Córdoba,Colombia,FW,33,21,6,0.06693896825634887,0.4832,1.0,0.0
Jorge Carrascal,Colombia,MF,28,24,2,0.020081690476904664,0.1466,1.0,0.0
Richard Ríos,Colombia,MF,26,32,2,0.01634556201608519,0.11625,1.0,0.0
Mahmoud Al-Mardi,Jordan,FW,32,89,9,0.09922518441311437,0.2231,1.0,0.0
Nour Bani Attiah,Jordan,GK,33,5,0,6.598120025836308e-05,0.0001,0.0,0.0
Odeh Al-Fakhouri,Jordan,FW,20,10,1,0.036463294879621695,0.0811,0.0,0.0
Musa Al-Taamari,Jordan,FW,29,92,24,0.2352367118334997,0.52315,1.0,0.0
Ali Olwan,Jordan,FW,26,66,29,0.27096279572767773,0.5995,2.0,0.0
Noor Al-Rawabdeh,Jordan,MF,29,68,3,0.03248857901928056,0.0723,0.0,0.0
Mohammad Abu Zrayq,Jordan,FW,28,41,5,0.05701343282539847,0.1284,1.0,0.0
Amer Jamous,Jordan,MF,23,19,1,0.013856052054256248,0.0316,0.0,0.0
Yazan Al-Arab,Jordan,DF,30,80,3,0.027473297751137226,0.06105,0.0,0.0
Husam Abu Dahab,Jordan,DF,26,18,0,0.0018041734445646154,0.0036,0.0,0.0
Abdallah Nasib,Jordan,DF,32,65,3,0.026560419186621588,0.0548,0.0,0.0
Mohammad Abu Hashish,Jordan,DF,31,56,1,0.009932653802334226,0.023,0.0,0.0
Yazeed Abulaila,Jordan,GK,33,76,0,7.121525367711332e-05,0.0002,0.0,0.0
Alessandro Schöpf,Austria,MF,32,35,6,0.033212797725339076,0.15425,1.0,0.0
Michael Svoboda,Austria,DF,27,4,0,0.0029867484415702335,0.01275,0.0,0.0
Rajaei Ayed,Jordan,MF,32,72,0,0.006893022397764475,0.01795,0.0,0.0
Ibrahim Sadeh,Jordan,MF,26,57,3,0.0316384237291999,0.06735,0.0,0.0
Mo Abualnadi,Jordan,DF,25,18,0,0.0018041734445646154,0.0044,0.0,0.0
Mohammad Al-Dawoud,Jordan,MF,34,13,1,0.017320065067820307,0.0382,0.0,0.0
Kevin Castaño,Colombia,MF,25,25,0,0.0055782473546957395,0.04005,0.0,0.0
Santiago Arias,Colombia,DF,34,68,0,0.0015890371351116146,0.01125,0.0,0.0
Jhon Lucumí,Colombia,DF,27,37,1,0.006950891966448441,0.0525,0.0,0.0
Daniel Muñoz,Colombia,DF,30,46,3,0.019098045332679687,0.1389,1.0,0.0
David Ospina,Colombia,GK,37,130,0,6.227623478047724e-05,0.00065,0.0,0.0
Anas Badawi,Jordan,DF,28,1,0,0.0038489033484045126,0.0094,0.0,0.0
Ali Azaizeh,Jordan,FW,22,4,0,0.035528338600657045,0.0831,0.0,0.0
Salim Obaid,Jordan,DF,34,11,0,0.002309342009042708,0.00555,0.0,0.0
Ihsan Haddad (captain),Jordan,DF,32,92,2,0.01939678619889797,0.04205,0.0,0.0
Abdallah Al-Fakhouri,Jordan,GK,26,11,0,5.632541485470019e-05,5e-05,0.0,0.0
Nizar Al-Rashdan,Jordan,MF,27,47,4,0.038634598238044854,0.08425,0.0,0.0
Mohannad Abu Taha,Jordan,MF,23,29,1,0.012962113212046166,0.0271,0.0,0.0
Saed Al-Rosan,Jordan,DF,29,21,2,0.014845770058131692,0.0319,0.0,0.0
Mohammad Taha,Jordan,DF,20,2,0,0.003608346889129231,0.0077,0.0,0.0
Koni De Winter,Belgium,DF,23,8,0,0.0017854482133088164,0.01835,0.0,0.0
Sebastian Tounekti,Tunisia,MF,23,12,1,0.031177894394629767,0.08875,0.0,0.0
Dodi Lukébakio,Belgium,FW,28,30,6,0.03222962928639504,0.3471,1.0,0.0
Cedric Itten,Switzerland,FW,29,15,5,0.07507160767636155,0.43425,1.0,0.0
Vinícius Júnior,Brazil,FW,25,49,9,0.05117619403882292,0.4371,1.0,0.0
Alex Sandro,Brazil,DF,35,45,2,0.009450400914845057,0.08225,0.0,0.0
Casemiro,Brazil,MF,34,86,9,0.0478475831050888,0.40385,1.0,0.0
Marquinhos (captain),Brazil,DF,32,105,7,0.03522796506601283,0.2913,1.0,0.0
Gabriel Magalhães,Brazil,DF,28,17,1,0.007161190896344655,0.05855,0.0,0.0
Éderson Silva,Brazil,MF,26,3,0,0.010148430527391283,0.08485,0.0,0.0
Alisson,Brazil,GK,33,78,0,3.9772057622420613e-05,0.0003,0.0,0.0
Luca Jaquez,Switzerland,DF,23,3,0,0.0037851230761190694,0.02215,0.0,0.0
Mike Penders,Belgium,GK,20,0,0,5.237314759039194e-05,0.0006,0.0,0.0
Aurèle Amenda,Switzerland,DF,22,7,0,0.0030641472520963895,0.0163,0.0,0.0
Zeki Amdouni,Switzerland,FW,25,29,11,0.08805391577076993,0.5058,1.0,0.0
Fabian Rieder,Switzerland,MF,24,28,1,0.011879463192742927,0.06805,0.0,0.0
Marvin Keller,Switzerland,GK,23,1,0,8.302850618583765e-05,0.00055,0.0,0.0
Michel Aebischer,Switzerland,MF,29,40,2,0.015380817579150505,0.0884,0.0,0.0
Noah Okafor,Switzerland,FW,26,25,2,0.030280984608952555,0.1731,1.0,0.0
Eray Cömert,Switzerland,DF,28,22,0,0.0017874192303895605,0.00925,0.0,0.0
Bruno Guimarães,Brazil,MF,28,43,3,0.016663472347444943,0.14,1.0,0.0
Matheus Cunha,Brazil,FW,27,23,1,0.016649768834001325,0.14405,1.0,0.0
Raphinha,Brazil,FW,29,39,11,0.058166634272790146,0.4961,1.0,0.0
Weverton,Brazil,GK,38,11,0,4.331647176325548e-05,0.00015,0.0,0.0
Johny Placide (captain),Haiti,GK,38,81,0,5.705383596674183e-05,5e-05,0.0,0.0
Rayan,Brazil,FW,19,2,1,0.048435691153458395,0.4082,1.0,0.0
Igor Thiago,Brazil,FW,24,4,2,0.054645395147491525,0.47325,1.0,0.0
Roger Ibañez,Brazil,DF,27,7,0,0.002114256359873184,0.0179,0.0,0.0
Ederson Moraes,Brazil,GK,32,32,0,2.864476358537862e-05,0.0003,0.0,0.0
Gabriel Martinelli,Brazil,FW,24,23,4,0.03329953766800265,0.28335,1.0,0.0
Luiz Henrique,Brazil,FW,25,15,2,0.029599589038224572,0.25,1.0,0.0
Lucas Paquetá,Brazil,MF,28,63,13,0.06469863660548698,0.5475,2.0,0.0
Endrick,Brazil,FW,19,17,4,0.04098404636061864,0.3366,1.0,0.0
Danilo Santos,Brazil,MF,25,4,2,0.03315153972281152,0.28185,1.0,0.0
Fabinho,Brazil,MF,32,33,0,0.0033041401717087905,0.0289,0.0,0.0
Douglas Santos,Brazil,DF,32,7,0,0.002114256359873184,0.0169,0.0,0.0
Léo Pereira,Brazil,DF,30,4,0,0.002466632419852048,0.0204,0.0,0.0
Bremer,Brazil,DF,29,8,1,0.010090768990303832,0.08465,0.0,0.0
Danilo Luiz,Brazil,DF,34,70,1,0.005736354464772204,0.05045,0.0,0.0
Rubén Vargas,Switzerland,FW,27,61,11,0.07934265374407959,0.45495,1.0,0.0
Christian Fassnacht,Switzerland,FW,32,23,5,0.05630370575727116,0.32665,1.0,0.0
Djibril Sow,Switzerland,MF,29,52,0,0.004624708414955458,0.0264,0.0,0.0
Meshaal Barsham,Qatar,GK,28,52,0,2.775370182109793e-05,0.0001,0.0,0.0
Ahmed Fathy,Qatar,MF,33,48,0,0.002848463373346583,0.00675,0.0,0.0
Almoez Ali,Qatar,FW,29,115,55,0.2313568899791927,0.55375,1.0,0.0
Sultan Al-Brake,Qatar,DF,30,17,0,0.0016500281627043875,0.00445,0.0,0.0
Ahmed Al-Ganehi,Qatar,MF,25,13,1,0.015345261913150804,0.0368,0.0,0.0
Boualem Khoukhi,Qatar,DF,35,116,20,0.07908080676592072,0.1911,1.0,0.0
Yusuf Abdurisag,Qatar,FW,26,39,3,0.021312863768265005,0.05245,0.0,0.0
Homam Ahmed,Qatar,DF,26,68,3,0.01179532327396662,0.02715,0.0,0.0
Ayoub Al-Oui,Qatar,DF,21,6,0,0.002557543652191801,0.0057,0.0,0.0
Karim Boudiaf,Qatar,MF,35,118,5,0.023219438717374367,0.0553,0.0,0.0
Akram Afif,Qatar,FW,29,125,39,0.16738652684150981,0.4032,1.0,0.0
Hassan Al-Haydos (captain),Qatar,FW,35,186,41,0.179505688240055,0.4319,1.0,0.0
Mohammed Muntari,Qatar,FW,32,67,16,0.06944886337277369,0.16655,1.0,0.0
Edmilson Junior,Qatar,FW,31,16,0,0.016368279374027524,0.03895,0.0,0.0
Ahmed Alaaeldin,Qatar,FW,33,68,9,0.042515011361110445,0.1052,1.0,0.0
Abdulaziz Hatem,Qatar,MF,36,117,11,0.047205143933368984,0.11275,1.0,0.0
Salah Zakaria,Qatar,GK,27,8,0,5.384302425666949e-05,0.0001,0.0,0.0
Assim Madibo,Qatar,MF,29,51,0,0.002880049156720385,0.00775,0.0,0.0
Ardon Jashari,Switzerland,MF,23,8,0,0.010837405017940914,0.0639,0.0,0.0
Tahsin Jamshid,Qatar,FW,19,3,0,0.03410058202922401,0.07855,0.0,0.0
Ricardo Rodriguez,Switzerland,DF,33,138,9,0.05881780401956454,0.3337,1.0,0.0
Yvon Mvogo,Switzerland,GK,32,13,0,5.9857760273510874e-05,0.00025,0.0,0.0
Dan Ndoye,Switzerland,FW,25,31,8,0.06434709229402419,0.3684,1.0,0.0
Granit Xhaka (captain),Switzerland,MF,33,146,17,0.11593238767968113,0.66605,2.0,0.0
Johan Manzambi,Switzerland,MF,20,12,3,0.04252503490735511,0.2487,1.0,0.0
Remo Freuler,Switzerland,MF,34,88,11,0.07346171443756169,0.43105,1.0,0.0
Breel Embolo,Switzerland,FW,29,86,24,0.16484651442255704,0.9417,2.0,0.0
Denis Zakaria,Switzerland,MF,29,65,3,0.02276223672985889,0.12845,1.0,0.0
Manuel Akanji,Switzerland,DF,30,81,4,0.025379433179769796,0.1448,1.0,0.0
Nico Elvedi,Switzerland,DF,29,67,3,0.018828022974080812,0.11135,1.0,0.0
Silvan Widmer,Switzerland,DF,33,60,5,0.0298133246149919,0.17265,1.0,0.0
Miro Muheim,Switzerland,DF,28,10,0,0.002681128845584341,0.01515,0.0,0.0
Gregor Kobel,Switzerland,GK,28,21,0,5.046830768158759e-05,0.00025,0.0,0.0
Mohamed Manai,Qatar,FW,23,10,0,0.021537209702667794,0.05125,0.0,0.0
Al-Hashmi Al-Hussain,Qatar,DF,22,8,0,0.0023250396838107278,0.0056,0.0,0.0
Carlens Arcus,Haiti,DF,29,53,1,0.00773096823733974,0.0094,0.0,0.0
Keeto Thermoncy,Haiti,DF,20,1,0,0.0026713169494304743,0.003,0.0,0.0
Ricardo Adé,Haiti,DF,36,59,2,0.014217868026871852,0.01575,0.0,0.0
Liam Kelly,Scotland,GK,30,3,0,6.634541516296445e-05,0.00035,0.0,0.0
Ché Adams,Scotland,FW,29,47,13,0.11605459276438855,0.39375,1.0,0.0
Lyndon Dykes,Scotland,FW,30,51,10,0.09402891260570036,0.31155,1.0,0.0
Tyler Fletcher,Scotland,MF,19,2,0,0.013473222771555857,0.04235,0.0,0.0
John McGinn,Scotland,MF,31,86,20,0.17000092871343925,0.583,2.0,0.0
Kieran Tierney,Scotland,DF,29,56,2,0.016593337518653,0.05485,0.0,0.0
Grant Hanley,Scotland,DF,34,68,2,0.01720041084250616,0.06205,0.0,0.0
Scott McTominay,Scotland,MF,29,70,15,0.12587264263120865,0.41525,1.0,0.0
Andy Robertson (captain),Scotland,DF,32,94,4,0.03409999145422775,0.11965,1.0,0.0
Aaron Hickey,Scotland,DF,24,21,0,0.0015638562145555905,0.0049,0.0,0.0
Angus Gunn,Scotland,GK,30,22,0,4.210382116111205e-05,0.0002,0.0,0.0
Anass Salah-Eddine,Morocco,DF,24,9,0,0.002474818927675137,0.02115,0.0,0.0
Redouane Halhal,Morocco,DF,23,3,0,0.0033482844315604796,0.02995,0.0,0.0
Neil El Aynaoui,Morocco,MF,24,16,2,0.023611605769226492,0.22415,1.0,0.0
Bilal El Khannouss,Morocco,MF,22,37,3,0.027501956867064803,0.2566,1.0,0.0
Ahmed Reda Tagnaouti,Morocco,GK,30,3,0,6.899495192306443e-05,0.0005,0.0,0.0
Ryan Christie,Scotland,MF,31,68,10,0.08569723680519525,0.28495,1.0,0.0
Jack Hendry,Scotland,DF,31,38,3,0.02189398700377827,0.07155,0.0,0.0
Youssef Belammari,Morocco,DF,27,19,0,0.0017248737980766107,0.01675,0.0,0.0
Ross Stewart,Scotland,FW,29,3,0,0.03648997833963044,0.12395,1.0,0.0
Alessandro Circati,Australia,DF,22,13,1,0.012341274880269442,0.09755,0.0,0.0
Miloš Degenek,Australia,DF,32,57,1,0.01019086360334523,0.07755,0.0,0.0
Mathew Ryan (captain),Australia,GK,34,104,0,7.881574951254378e-05,0.0008,0.0,0.0
Scott McKenna,Scotland,DF,29,50,1,0.009002461761421984,0.02805,0.0,0.0
Findlay Curtis,Scotland,FW,20,3,1,0.05473496750944567,0.1823,1.0,0.0
Anthony Ralston,Scotland,DF,27,27,1,0.007588416548164482,0.025,0.0,0.0
Kenny McLean,Scotland,MF,34,58,3,0.029445825999284393,0.1039,1.0,0.0
Nathan Patterson,Scotland,DF,24,26,1,0.007490048185503092,0.026,0.0,0.0
Craig Gordon,Scotland,GK,43,84,0,6.792594305881347e-05,0.00045,0.0,0.0
Lawrence Shankland,Scotland,FW,30,20,7,0.0679468562186222,0.2307,1.0,0.0
Lewis Ferguson,Scotland,MF,26,24,1,0.011378288584219201,0.0369,0.0,0.0
George Hirst,Scotland,FW,27,10,1,0.03456945316386042,0.12005,1.0,0.0
Ben Gannon-Doak,Scotland,FW,20,14,1,0.02855737435275426,0.0998,0.0,0.0
Dominic Hyam,Scotland,DF,30,4,0,0.003040831528302537,0.0106,0.0,0.0
John Souttar,Scotland,DF,29,24,2,0.013100003304199739,0.04305,0.0,0.0
Ayoube Amaimouni,Morocco,FW,21,2,0,0.041396971153838655,0.38755,1.0,0.0
Chadi Riad,Morocco,DF,22,6,1,0.014230208834132039,0.13345,1.0,0.0
Hannes Delcroix,Haiti,DF,27,7,0,0.0019080835353074814,0.0026,0.0,0.0
Jean-Kévin Duverne,Haiti,DF,28,17,1,0.006462863587331792,0.00625,0.0,0.0
Frantzdy Pierrot,Haiti,FW,31,51,34,0.23924575215387076,0.2779,1.0,0.0
Yassin Fortuné,Haiti,FW,27,4,0,0.02465831030243515,0.02805,0.0,0.0
Wilson Isidor,Haiti,FW,25,4,2,0.0493166206048703,0.05325,0.0,0.0
Danley Jean Jacques,Haiti,MF,26,30,6,0.03890174831770256,0.04325,0.0,0.0
Lenny Joseph,Haiti,FW,25,2,1,0.04371245917249866,0.0509,0.0,0.0
Ruben Providence,Haiti,FW,24,15,3,0.03339146186788093,0.0376,0.0,0.0
Leverton Pierre,Haiti,MF,28,33,0,0.004691093179487663,0.0043,0.0,0.0
Duke Lacroix,Haiti,DF,32,16,3,0.017363560171298083,0.02085,0.0,0.0
Alexandre Pierre,Haiti,GK,25,15,0,3.5617559325739656e-05,0.0001,0.0,0.0
Louicius Deedson,Haiti,FW,25,32,10,0.07322682036273423,0.08535,0.0,0.0
Jean-Ricner Bellegarde,Haiti,MF,27,10,0,0.006105867312983942,0.00845,0.0,0.0
Duckens Nazon,Haiti,FW,32,78,44,0.3224452553257036,0.37405,1.0,0.0
Martin Expérience,Haiti,DF,27,21,0,0.0011727732948719155,0.0016,0.0,0.0
Derrick Etienne Jr.,Haiti,FW,29,48,8,0.06583990427351104,0.07535,0.0,0.0
Carl Sainté,Haiti,MF,23,26,0,0.004395258474474927,0.00465,0.0,0.0
Josué Casimir,Haiti,FW,24,7,0,0.020034877120728555,0.0224,0.0,0.0
Josué Duverger,Haiti,GK,26,6,0,4.452194915717457e-05,0.0001,0.0,0.0
Abde Ezzalzouli,Morocco,FW,24,37,2,0.030208099075952184,0.2799,1.0,0.0
Wilguens Paugain,Haiti,DF,24,8,0,0.001821352465520778,0.00225,0.0,0.0
Gessime Yassine,Morocco,MF,20,5,0,0.01138416706730563,0.10605,0.0,0.0
Samir El Mourabet,Morocco,MF,20,4,0,0.01214311153845934,0.11695,1.0,0.0
Issa Diop,Morocco,DF,29,4,0,0.0031622686298071194,0.0295,0.0,0.0
Zakaria El Ouahdi,Morocco,DF,24,3,0,0.0033482844315604796,0.03025,0.0,0.0
Munir Mohamedi,Morocco,GK,37,53,0,5.99538794750663e-05,0.0006,0.0,0.0
Ismael Saibari,Morocco,MF,25,31,9,0.06791379391354836,0.636,2.0,0.0
Azzedine Ounahi,Morocco,MF,26,49,9,0.07514332681402289,0.70945,2.0,0.0
Chemsdine Talbi,Morocco,MF,21,5,0,0.01138416706730563,0.10715,1.0,0.0
Ayyoub Bouaddi,Morocco,MF,18,3,0,0.013010476648349293,0.12025,1.0,0.0
Nayef Aguerd,Morocco,DF,30,64,2,0.017333545415723087,0.1608,1.0,0.0
Sofyan Amrabat,Morocco,MF,29,75,0,0.006550467744313958,0.05995,0.0,0.0
Noussair Mazraoui,Morocco,DF,28,45,2,0.016112485277857,0.148,1.0,0.0
Yassine Bounou,Morocco,GK,35,90,0,7.041752825137503e-05,0.0007,0.0,0.0
Woodensky Pierre,Haiti,MF,21,1,0,0.010685267797721897,0.0114,0.0,0.0
Dominique Simon,Haiti,MF,25,2,0,0.009863324120974059,0.0113,0.0,0.0
Jassem Gaber,Qatar,DF,24,32,1,0.005559877504764784,0.01415,0.0,0.0
Issa Laye,Qatar,DF,28,4,0,0.0028417151691020005,0.00565,0.0,0.0
Lucas Mendes,Qatar,DF,35,25,1,0.0065578042363892315,0.01445,0.0,0.0
Oswin Appollis,South Africa,FW,24,26,8,0.1143535611682414,0.20505,1.0,0.0
Thalente Mbatha,South Africa,MF,26,15,3,0.03543522518597243,0.06355,0.0,0.0
Teboho Mokoena,South Africa,MF,29,51,9,0.12409347676898554,0.2293,1.0,0.0
Khulumani Ndamane,South Africa,DF,22,5,0,0.0031901518519227264,0.00595,0.0,0.0
Thabang Matuludi,South Africa,DF,27,3,0,0.003565463834501871,0.0066,0.0,0.0
Ronwen Williams (captain),South Africa,GK,34,62,0,0.00010374047982235946,0.00025,0.0,0.0
Brian Gutiérrez,Mexico,MF,22,7,2,0.04143573626113533,0.39005,1.0,0.0
Roberto Alvarado,Mexico,FW,27,67,5,0.04297514441944376,0.40845,1.0,0.0
Luis Chávez,Mexico,MF,30,45,5,0.03245716435821224,0.30105,1.0,0.0
Jesús Gallardo,Mexico,DF,31,121,3,0.020285842869208176,0.1918,1.0,0.0
Guillermo Martínez,Mexico,FW,31,12,3,0.0634220452976561,0.6055,2.0,0.0
César Huerta,Mexico,FW,25,26,3,0.03805322717859366,0.35955,1.0,0.0
Mateo Chávez,Mexico,DF,22,10,0,0.0027747144817724546,0.02615,0.0,0.0
Gilberto Mora,Mexico,MF,17,8,0,0.01121568801053287,0.1039,0.0,0.0
Obed Vargas,Mexico,MF,20,6,0,0.012535180717654384,0.11745,1.0,0.0
Orbelín Pineda,Mexico,MF,30,92,12,0.07961935713651458,0.7537,2.0,0.0
Aubrey Modiba,South Africa,DF,30,44,3,0.0379535526291146,0.07085,0.0,0.0
Tshepang Moremi,South Africa,FW,25,10,1,0.03828182222307271,0.0662,0.0,0.0
Israel Reyes,Mexico,DF,26,34,2,0.012486215167976046,0.1182,1.0,0.0
Lyle Foster,South Africa,FW,25,27,10,0.13854373756921554,0.247,1.0,0.0
Olwethu Makhanya,South Africa,DF,22,1,0,0.004040859012435454,0.00715,0.0,0.0
Jayden Adams,South Africa,MF,25,5,0,0.012122577037306362,0.02275,0.0,0.0
Ricardo Goss,South Africa,GK,32,5,0,6.927186878460778e-05,0.00015,0.0,0.0
Ime Okon,South Africa,DF,22,8,1,0.013775655724211773,0.02355,0.0,0.0
Khuliso Mudau,South Africa,DF,31,32,1,0.013385868364175414,0.0239,0.0,0.0
Nkosinathi Sibisi,South Africa,DF,30,20,0,0.0022637865615884895,0.00375,0.0,0.0
Samukele Kabini,South Africa,DF,22,6,0,0.0030306442593265905,0.005,0.0,0.0
Evidence Makgopa,South Africa,FW,26,26,6,0.09148284893459312,0.15975,1.0,0.0
Sipho Chaine,South Africa,GK,29,4,0,7.130927669003742e-05,0.00015,0.0,0.0
Iqraam Rayners,South Africa,FW,30,14,4,0.06324822802072884,0.11415,1.0,0.0
Mbekezeli Mbokazi,South Africa,DF,20,10,1,0.012627684413860793,0.02185,0.0,0.0
Sphephelo Sithole,South Africa,MF,27,28,1,0.019893459753528388,0.0337,0.0,0.0
Thapelo Maseko,South Africa,FW,22,10,1,0.03828182222307271,0.0682,0.0,0.0
Themba Zwane,South Africa,MF,36,54,12,0.1636947545433193,0.28405,1.0,0.0
Relebohile Mofokeng,South Africa,FW,21,13,0,0.022041049158738838,0.04075,0.0,0.0
Julián Quiñones,Mexico,FW,29,22,2,0.034370656806471694,0.32875,1.0,0.0
Armando González,Mexico,FW,23,7,1,0.049944860671904186,0.4684,1.0,0.0
Bradley Cross,South Africa,DF,25,1,0,0.004040859012435454,0.0074,0.0,0.0
Jaroslav Zelený,Czech Republic,DF,33,23,0,0.0015164411088196422,0.00535,0.0,0.0
Michal Sadílek,Czech Republic,MF,27,35,1,0.013364174762414315,0.0532,0.0,0.0
Lukáš Provod,Czech Republic,MF,29,38,3,0.028756136845435966,0.123,1.0,0.0
Jindřich Staněk,Czech Republic,GK,30,14,0,5.045313451972071e-05,0.0002,0.0,0.0
Pavel Šulc,Czech Republic,FW,25,21,5,0.05179855144024659,0.21875,1.0,0.0
David Jurásek,Czech Republic,DF,25,18,1,0.008671632495576996,0.0377,0.0,0.0
Mojmír Chytil,Czech Republic,FW,27,22,6,0.05728872048690867,0.2397,1.0,0.0
Lukáš Červ,Czech Republic,MF,25,17,2,0.022199379188677107,0.09125,0.0,0.0
Jan Kuchta,Czech Republic,FW,29,31,3,0.037812129387307165,0.15975,1.0,0.0
Adam Hložek,Czech Republic,FW,23,43,5,0.05648362752148613,0.2374,1.0,0.0
Vladimír Darida,Czech Republic,MF,35,79,8,0.07537488845894177,0.32255,1.0,0.0
Ladislav Krejčí (captain),Czech Republic,DF,27,27,5,0.03373639238804589,0.1458,1.0,0.0
Štěpán Chaloupek,Czech Republic,DF,23,5,0,0.002920970945878567,0.01345,0.0,0.0
Vladimír Coufal,Czech Republic,DF,33,62,2,0.0179110086571455,0.0745,0.0,0.0
Robin Hranáč,Czech Republic,DF,26,14,1,0.009910437137802281,0.04205,0.0,0.0
Tomáš Holeš,Czech Republic,DF,33,41,2,0.01636677506617753,0.06655,0.0,0.0
Tomáš Chorý,Czech Republic,FW,31,22,7,0.06444981054777225,0.27095,1.0,0.0
David Douděra,Czech Republic,DF,28,17,2,0.016112452636943064,0.06865,0.0,0.0
Guillermo Ochoa,Mexico,GK,40,152,0,5.816078965456247e-05,0.0006,0.0,0.0
Tomáš Souček,Czech Republic,MF,31,90,17,0.15477491224136974,0.64455,2.0,0.0
Carlos Acevedo,Mexico,GK,30,7,0,7.199259195950153e-05,0.0008,0.0,0.0
Santiago Giménez,Mexico,FW,25,47,6,0.04675821378807588,0.43875,1.0,0.0
Alexis Vega,Mexico,FW,28,52,7,0.05342863912442852,0.50815,1.0,0.0
Álvaro Fidalgo,Mexico,MF,29,4,0,0.01420653814667497,0.1376,1.0,0.0
Luis Romo,Mexico,MF,31,63,4,0.0284582481157559,0.2659,1.0,0.0
Érik Lira,Mexico,MF,26,25,0,0.005919390894447904,0.055,0.0,0.0
Johan Vásquez,Mexico,DF,27,46,3,0.017351939974901205,0.16035,1.0,0.0
Edson Álvarez (captain),Mexico,DF,28,98,7,0.04417780704312222,0.4229,1.0,0.0
César Montes,Mexico,DF,29,67,4,0.024481431477037623,0.2286,1.0,0.0
Jorge Sánchez,Mexico,DF,28,59,3,0.018292396519103714,0.16885,1.0,0.0
Raúl Rangel,Mexico,GK,26,14,0,6.053922505685356e-05,0.0005,0.0,0.0
Denis Višinský,Czech Republic,FW,23,2,1,0.06054376142366484,0.2564,1.0,0.0
Hugo Sochůrek,Czech Republic,MF,18,1,0,0.01479958612578474,0.0619,0.0,0.0
Alexandr Sojka,Czech Republic,MF,23,2,0,0.013661156423801299,0.0591,0.0,0.0
Lukáš Horníček,Czech Republic,GK,23,1,0,7.161090060863583e-05,0.00025,0.0,0.0
Kamogelo Sebelebele,South Africa,FW,23,3,0,0.040408590124354535,0.07315,0.0,0.0
Kim Seung-gyu,South Korea,GK,35,87,0,4.7863116457582285e-05,0.00025,0.0,0.0
Pedro Miguel,Qatar,DF,35,99,3,0.012461534921663329,0.029,0.0,0.0
Stephen Eustáquio,Canada,MF,29,56,4,0.03002048563324067,0.27295,1.0,0.0
Joel Waterman,Canada,DF,30,17,0,0.0013728496191696394,0.0105,0.0,0.0
Luc de Fougerolles,Canada,DF,20,13,0,0.0015762347479355118,0.0131,0.0,0.0
Alfie Jones,Canada,DF,28,2,0,0.0026598961371411766,0.0222,0.0,0.0
Alistair Johnston,Canada,DF,27,58,1,0.007534748520351075,0.0695,0.0,0.0
Dayne St. Clair,Canada,GK,29,20,0,3.4046670555407064e-05,0.00025,0.0,0.0
Ermin Mahmić,Bosnia and Herzegovina,MF,21,2,0,0.01740348657941985,0.0895,0.0,0.0
Jovo Lukić,Bosnia and Herzegovina,FW,27,3,0,0.04713444281926209,0.23285,1.0,0.0
Nidal Čelik,Bosnia and Herzegovina,DF,19,2,0,0.004418854014305821,0.02245,0.0,0.0
Haris Tabaković,Bosnia and Herzegovina,FW,31,10,4,0.08930736534175975,0.44235,1.0,0.0
Martin Zlomislić,Bosnia and Herzegovina,GK,27,3,0,8.56989869441129e-05,0.00025,0.0,0.0
Stjepan Radeljić,Bosnia and Herzegovina,DF,28,5,0,0.003721140222573323,0.01705,0.0,0.0
Esmir Bajraktarević,Bosnia and Herzegovina,FW,21,16,1,0.033936798829868706,0.1673,1.0,0.0
Kerim Alajbegović,Bosnia and Herzegovina,FW,18,10,1,0.04465368267087987,0.2231,1.0,0.0
Nikola Katić,Bosnia and Herzegovina,DF,29,17,2,0.020526289614839946,0.1026,0.0,0.0
Dženis Burnić,Bosnia and Herzegovina,MF,28,20,0,0.007298236307498647,0.03715,0.0,0.0
Mathieu Choinière,Canada,MF,27,23,0,0.004049507034385843,0.03655,0.0,0.0
Ismaël Koné,Canada,MF,23,40,4,0.02817048371746673,0.25425,1.0,0.0
Amar Memić,Bosnia and Herzegovina,MF,25,13,1,0.02121049926866794,0.10415,0.0,0.0
Liam Millar,Canada,MF,26,41,1,0.010619798338922406,0.09915,0.0,0.0
Mahmud Abunada,Qatar,GK,26,5,0,5.8458140621526876e-05,0.00015,0.0,0.0
Jayden Nelson,Canada,MF,24,14,3,0.025875469622109366,0.22945,1.0,0.0
Nathan Saliba,Canada,MF,22,15,2,0.018332822606757646,0.16365,1.0,0.0
Promise David,Canada,FW,24,10,3,0.04479825073079876,0.40075,1.0,0.0
Niko Sigur,Canada,DF,22,19,2,0.011606819507525132,0.1044,0.0,0.0
Richie Laryea,Canada,DF,31,75,1,0.00788214684422623,0.0683,0.0,0.0
Jonathan Osorio,Canada,MF,33,90,10,0.07201254222577666,0.6441,2.0,0.0
Ali Ahmed,Canada,FW,25,24,1,0.016326075790804584,0.14695,1.0,0.0
Owen Goodman,Canada,GK,22,0,0,5.6744450925678434e-05,0.00065,0.0,0.0
Tajon Buchanan,Canada,FW,27,60,8,0.06506769336914871,0.57615,2.0,0.0
Maxime Crépeau,Canada,GK,32,32,0,3.8620824451365684e-05,0.00015,0.0,0.0
Moïse Bombito,Canada,DF,26,20,0,0.0012517158292429066,0.01115,0.0,0.0
Jacob Shaffelburg,Canada,MF,26,31,6,0.03755645292035483,0.32995,1.0,0.0
Derek Cornelius,Canada,DF,28,44,1,0.007095744147583889,0.0642,0.0,0.0
Tani Oluwaseyi,Canada,FW,26,24,2,0.021768101054406113,0.1971,1.0,0.0
Amir Hadžiahmetović,Bosnia and Herzegovina,MF,29,36,0,0.0048137303304778304,0.02345,0.0,0.0
Ivan Šunjić,Bosnia and Herzegovina,MF,29,11,0,0.010283878433293548,0.05275,0.0,0.0
Lee Han-beom,South Korea,DF,23,8,0,0.0026515078719399282,0.02135,0.0,0.0
Yang Hyun-jun,South Korea,MF,24,9,0,0.009333307709228546,0.07,0.0,0.0
Oh Hyeon-gyu,South Korea,FW,25,27,6,0.051851709495714146,0.394,1.0,0.0
Bae Jun-ho,South Korea,MF,22,13,2,0.027222147485249926,0.201,1.0,0.0
Park Jin-seob,South Korea,DF,30,14,1,0.010416638068335432,0.07795,0.0,0.0
Kim Moon-hwan,South Korea,DF,30,35,0,0.0011904729220954778,0.0088,0.0,0.0
Cho Wi-je,South Korea,DF,24,1,0,0.003888878212178561,0.02855,0.0,0.0
Lee Tae-seok,South Korea,DF,23,15,1,0.010057443652185935,0.07325,0.0,0.0
Song Bum-keun,South Korea,GK,28,3,0,7.070687658506475e-05,0.00065,0.0,0.0
Hwang Hee-chan,South Korea,MF,30,79,17,0.10057086054189411,0.76055,2.0,0.0
Lee Jae-sung,South Korea,MF,33,105,15,0.09205682217366325,0.69395,2.0,0.0
Cho Gue-sung,South Korea,FW,28,44,12,0.07481219972524117,0.57255,2.0,0.0
Paik Seung-ho,South Korea,MF,29,27,3,0.023333269273071364,0.17795,1.0,0.0
Hwang In-beom,South Korea,MF,29,73,6,0.038038209744343604,0.2885,1.0,0.0
Kim Tae-hyeon,South Korea,DF,25,7,0,0.002777770151556115,0.02085,0.0,0.0
Kim Min-jae,South Korea,DF,29,79,4,0.023238102064319498,0.18,1.0,0.0
Lee Gi-hyuk,South Korea,MF,25,3,0,0.013333296727469354,0.10155,0.0,0.0
Lee Kang-in,South Korea,MF,25,47,11,0.06154878068416352,0.4575,1.0,0.0
Jo Hyeon-woo,South Korea,GK,34,48,0,3.961085499937845e-05,0.00025,0.0,0.0
Ivan Bašić,Bosnia and Herzegovina,MF,24,17,0,0.008080190197587787,0.04095,0.0,0.0
Seol Young-woo,South Korea,DF,27,34,0,0.0012152744413058002,0.0094,0.0,0.0
Mladen Jurkas,Bosnia and Herzegovina,GK,18,0,0,9.426888563852419e-05,0.0005,0.0,0.0
Ermedin Demirović,Bosnia and Herzegovina,FW,28,40,4,0.037185918454862306,0.18665,1.0,0.0
Samed Baždar,Bosnia and Herzegovina,FW,22,13,1,0.0385645441248508,0.1904,1.0,0.0
Armin Gigović,Bosnia and Herzegovina,MF,24,20,1,0.016421031691871955,0.0809,0.0,0.0
Amar Dedić,Bosnia and Herzegovina,DF,23,28,1,0.008416864789153945,0.04135,0.0,0.0
Benjamin Tahirović,Bosnia and Herzegovina,MF,23,28,2,0.02030406767598982,0.09575,0.0,0.0
Sead Kolašinac,Bosnia and Herzegovina,DF,32,65,0,0.0015616712853208916,0.0074,0.0,0.0
Tarik Muharemović,Bosnia and Herzegovina,DF,23,14,1,0.012625297183730918,0.06405,0.0,0.0
Dennis Hadžikadunić,Bosnia and Herzegovina,DF,27,32,0,0.0015369927006281116,0.00775,0.0,0.0
Nihad Mujakić,Bosnia and Herzegovina,DF,28,12,1,0.013596473890171759,0.0664,0.0,0.0
Nikola Vasilj,Bosnia and Herzegovina,GK,30,26,0,5.050118873492367e-05,0.00015,0.0,0.0
Lee Dong-gyeong,South Korea,MF,28,18,4,0.03862058362439399,0.289,1.0,0.0
Eom Ji-sung,South Korea,MF,24,9,2,0.03266657698229991,0.2527,1.0,0.0
Kim Jin-gyu,South Korea,MF,29,22,3,0.026868613102324603,0.21025,1.0,0.0
Jens Castrop,South Korea,DF,22,7,0,0.002777770151556115,0.01975,0.0,0.0
Jacob Italiano,Australia,DF,24,5,0,0.0035075202291292096,0.02855,0.0,0.0
Jordan Bos,Australia,DF,23,27,4,0.02842191304830275,0.2246,1.0,0.0
Jason Geria,Australia,DF,33,14,0,0.002380103012623392,0.01865,0.0,0.0
Yuito Suzuki,Japan,MF,24,6,0,0.013335686080703407,0.0941,0.0,0.0
Daichi Kamada,Japan,MF,29,49,12,0.08115891510667353,0.55255,2.0,0.0
Keito Nakamura,Japan,MF,25,25,10,0.08501499876448423,0.5895,2.0,0.0
Keisuke Ōsako,Japan,GK,26,11,0,6.911788517437741e-05,0.00035,0.0,0.0
Daizen Maeda,Japan,MF,28,27,4,0.03579578895346704,0.24625,1.0,0.0
Ritsu Dōan,Japan,MF,27,65,11,0.07835436680168156,0.54415,2.0,0.0
Keisuke Gotō,Japan,FW,21,4,0,0.043597435263838066,0.30305,1.0,0.0
Takefusa Kubo,Japan,MF,25,49,7,0.04945621389312918,0.3391,1.0,0.0
Ao Tanaka,Japan,MF,27,38,8,0.05298483941262422,0.35885,1.0,0.0
Wataru Endo (captain),Japan,MF,33,73,4,0.032386666195993986,0.2269,1.0,0.0
Yūto Nagatomo,Japan,DF,39,145,4,0.030091320173810863,0.20495,1.0,0.0
Kō Itakura,Japan,DF,29,40,2,0.01293987804634463,0.0907,0.0,0.0
Shōgo Taniguchi,Japan,DF,34,38,1,0.007092048544631191,0.04705,0.0,0.0
Yukinari Sugawara,Japan,DF,25,21,2,0.018217499735246615,0.12455,1.0,0.0
Zion Suzuki,Japan,GK,23,24,0,5.247839429906433e-05,0.00055,0.0,0.0
Christ Inao Oulaï,Ivory Coast,MF,20,9,0,0.00998827061025699,0.0572,0.0,0.0
Tsuyoshi Watanabe,Japan,DF,29,11,0,0.002833833292149474,0.01935,0.0,0.0
Ayumu Seko,Japan,DF,26,14,0,0.00253020829656203,0.01705,0.0,0.0
Bazoumana Touré,Ivory Coast,FW,20,6,2,0.0665884707350466,0.36935,1.0,0.0
Hiroki Itō,Japan,DF,27,24,1,0.009321820039965375,0.0654,0.0,0.0
Cody Gakpo,Netherlands,FW,27,50,21,0.12171243358351798,1.0545,2.0,0.0
Wout Weghorst,Netherlands,FW,33,52,14,0.08516920797929765,0.74525,2.0,0.0
Ryan Gravenberch,Netherlands,MF,24,27,1,0.008134122706651356,0.06875,0.0,0.0
Justin Kluivert,Netherlands,MF,27,12,0,0.005972882373966213,0.0543,0.0,0.0
Jan Paul van Hecke,Netherlands,DF,26,12,0,0.001651157387033929,0.01455,0.0,0.0
Nathan Aké,Netherlands,DF,31,59,5,0.026495832660478696,0.23395,1.0,0.0
Virgil van Dijk (captain),Netherlands,DF,34,92,12,0.06639068782829254,0.58465,2.0,0.0
Marten de Roon,Netherlands,MF,35,43,1,0.008950273739170582,0.07915,0.0,0.0
Lutsharel Geertruida,Netherlands,DF,25,21,0,0.00122657405893949,0.0098,0.0,0.0
Bart Verbruggen,Netherlands,GK,23,29,0,3.069270064280018e-05,0.00025,0.0,0.0
Kento Shiogai,Japan,FW,21,2,0,0.05152424167544498,0.35735,1.0,0.0
Junnosuke Suzuki,Japan,DF,22,6,0,0.003542291615186843,0.02315,0.0,0.0
Kaishū Sano,Japan,MF,25,13,0,0.00944611097383158,0.06625,0.0,0.0
Tomoki Hayakawa,Japan,GK,27,4,0,8.33480380043963e-05,0.00035,0.0,0.0
Takehiro Tomiyasu,Japan,DF,27,43,1,0.007321246789379198,0.0486,0.0,0.0
Parfait Guiagon,Ivory Coast,MF,25,5,0,0.012485338262821237,0.0679,0.0,0.0
Alban Lafont,Ivory Coast,GK,27,4,0,7.344316625188964e-05,0.0005,0.0,0.0
Robin Roefs,Netherlands,GK,23,1,0,5.5393667177912455e-05,0.0005,0.0,0.0
Jean Michaël Seri,Ivory Coast,MF,34,65,4,0.039427383987856536,0.2177,1.0,0.0
Ousmane Diomande,Ivory Coast,DF,22,15,1,0.010763222640363137,0.0619,0.0,0.0
Yahia Fofana,Ivory Coast,GK,25,35,0,5.171441884008797e-05,0.0003,0.0,0.0
Deniz Undav,Germany,FW,29,9,6,0.10818204987597571,0.9307,2.0,0.0
Assan Ouédraogo,Germany,MF,20,1,1,0.036511441833141804,0.31835,1.0,0.0
Malick Thiaw,Germany,DF,24,5,0,0.0032027580555387546,0.02675,0.0,0.0
Felix Nmecha,Germany,MF,25,8,1,0.023059857999879037,0.1933,1.0,0.0
David Raum,Germany,DF,28,37,1,0.0070636514919019434,0.0632,0.0,0.0
Alexander Nübel,Germany,GK,29,3,0,7.376048855180162e-05,0.00075,0.0,0.0
Nadiem Amiri,Germany,MF,29,11,1,0.01991533190898644,0.1747,1.0,0.0
Leroy Sané,Germany,MF,30,76,17,0.12111614654252685,1.02415,2.0,0.0
Nathaniel Brown,Germany,DF,22,5,0,0.0032027580555387546,0.02625,0.0,0.0
Florian Wirtz,Germany,MF,23,41,11,0.07246865870307286,0.6277,2.0,0.0
Angelo Stiller,Germany,MF,25,8,0,0.010248825777724015,0.09175,0.0,0.0
Nico Schlotterbeck,Germany,DF,26,27,0,0.0014842049525667401,0.01385,0.0,0.0
Maximilian Beier,Germany,FW,23,9,0,0.027045512468993928,0.2264,1.0,0.0
Ghislain Konan,Ivory Coast,DF,30,54,0,0.0019066975853855963,0.01005,0.0,0.0
Wilfried Singo,Ivory Coast,DF,25,34,1,0.008503635836056133,0.0447,0.0,0.0
Evann Guessand,Ivory Coast,FW,24,21,4,0.04994135305128495,0.28165,1.0,0.0
Seko Fofana,Ivory Coast,MF,31,32,7,0.05574848712701576,0.31255,1.0,0.0
Evan Ndicka,Ivory Coast,DF,26,28,0,0.0016006843926693892,0.0095,0.0,0.0
Emmanuel Agbadou,Ivory Coast,DF,28,20,2,0.016524712406675166,0.0899,0.0,0.0
Nicolas Pépé,Ivory Coast,FW,31,55,12,0.11554940459582155,0.64045,2.0,0.0
Ibrahim Sangaré,Ivory Coast,MF,28,58,12,0.10333461679284824,0.55835,2.0,0.0
Guéla Doué,Ivory Coast,DF,23,20,3,0.02386902903186413,0.135,1.0,0.0
Mohamed Koné,Ivory Coast,GK,24,0,0,8.323558841880825e-05,0.0006,0.0,0.0
Amad Diallo,Ivory Coast,FW,23,19,6,0.0713447900732642,0.3977,1.0,0.0
Oumar Diakité,Ivory Coast,FW,22,29,6,0.058635596699889214,0.3265,1.0,0.0
Christopher Opéri,Ivory Coast,DF,29,12,0,0.0024010265890040843,0.01385,0.0,0.0
Elye Wahi,Ivory Coast,FW,23,2,0,0.045401230046622686,0.254,1.0,0.0
Yan Diomande,Ivory Coast,FW,19,10,3,0.06571230664642756,0.3611,1.0,0.0
Simon Adingra,Ivory Coast,FW,24,29,5,0.05130614711240306,0.2812,1.0,0.0
Ange-Yoan Bonny,Ivory Coast,FW,22,1,0,0.04994135305128495,0.27875,1.0,0.0
Franck Kessié (captain),Ivory Coast,MF,29,103,15,0.13710283055948233,0.7556,2.0,0.0
Odilon Kossounou,Ivory Coast,DF,25,35,0,0.0017150189921457744,0.00875,0.0,0.0
Mats Wieffer,Netherlands,DF,26,15,1,0.0074017400108417515,0.0676,0.0,0.0
Tijjani Reijnders,Netherlands,MF,27,32,7,0.036246430372584806,0.31245,1.0,0.0
Oliver Baumann,Germany,GK,36,13,0,5.660688656301055e-05,0.0003,0.0,0.0
Firas Chaouat,Tunisia,FW,30,30,6,0.11674262451387621,0.3345,1.0,0.0
Ellyes Skhiri (captain),Tunisia,MF,31,83,4,0.0804033777768973,0.22735,1.0,0.0
Aymen Dahmen,Tunisia,GK,29,37,0,0.00010476343729696726,0.00045,0.0,0.0
Hadj Mahmoud,Tunisia,MF,26,9,0,0.015935368246144103,0.04415,0.0,0.0
Khalil Ayari,Tunisia,MF,21,4,0,0.021247157661525472,0.06025,0.0,0.0
Rani Khedira,Tunisia,MF,32,3,0,0.02276481178020586,0.0656,0.0,0.0
Mortadha Ben Ouanes,Tunisia,DF,31,18,0,0.00311237661057502,0.008,0.0,0.0
Ismaël Gharbi,Tunisia,MF,22,17,2,0.039838420615360255,0.1072,1.0,0.0
Hannibal Mejbri,Tunisia,MF,23,45,1,0.027439728485069568,0.07775,0.0,0.0
Hazem Mastouri,Tunisia,FW,28,19,4,0.08536804417577197,0.23795,1.0,0.0
Elias Saad,Tunisia,FW,26,15,4,0.09959605153840063,0.28315,1.0,0.0
Elias Achouri,Tunisia,FW,27,30,4,0.08755696838540716,0.23955,1.0,0.0
Dylan Bronn,Tunisia,DF,30,52,2,0.03362983558439502,0.0948,0.0,0.0
Adem Arous,Tunisia,DF,21,2,0,0.00622475322115004,0.01735,0.0,0.0
Omar Rekik,Tunisia,DF,24,6,0,0.004979802576920032,0.0154,0.0,0.0
Montassar Talbi,Tunisia,DF,28,64,4,0.06615415389119651,0.1844,1.0,0.0
Rayan Elloumi,Tunisia,FW,18,4,0,0.061289877869785014,0.17175,1.0,0.0
Yan Valery,Tunisia,DF,27,22,0,0.0028982977960910236,0.00925,0.0,0.0
Mouhib Chamakh,Tunisia,GK,24,2,0,0.0001244950644230008,0.00025,0.0,0.0
Mohamed Amine Ben Hamida,Tunisia,DF,30,13,0,0.003688742649570394,0.01065,0.0,0.0
Senne Lammens,Belgium,GK,23,2,0,4.909982586599245e-05,0.0007,0.0,0.0
Jérémy Doku,Belgium,FW,24,43,7,0.03364981978552576,0.36585,1.0,0.0
Leandro Trossard,Belgium,FW,31,51,12,0.0538049314813523,0.5776,2.0,0.0
Youri Tielemans (captain),Belgium,MF,29,85,13,0.05524613500317424,0.5864,2.0,0.0
Axel Witsel,Belgium,MF,37,138,12,0.05360161918033992,0.56935,2.0,0.0
Maxim De Cuyper,Belgium,DF,25,19,4,0.02023507975083325,0.21115,1.0,0.0
Brandon Mechele,Belgium,DF,33,9,1,0.008539100150607382,0.09145,0.0,0.0
Arthur Theate,Belgium,DF,26,33,1,0.004178708584339783,0.04355,0.0,0.0
Zeno Debast,Belgium,DF,22,26,1,0.004909982586599245,0.05095,0.0,0.0
Thibaut Courtois,Belgium,GK,34,109,0,3.5455761631505956e-05,0.0005,0.0,0.0
David Zima,Czech Republic,DF,25,25,1,0.007818885315820341,0.0338,0.0,0.0
Anis Ben Slimane,Tunisia,MF,25,41,4,0.07179671407603386,0.19905,1.0,0.0
Raed Chikhaoui,Tunisia,DF,22,0,0,0.007114003681314331,0.02015,0.0,0.0
Moutaz Neffati,Tunisia,DF,21,5,0,0.005241897449389507,0.01475,0.0,0.0
Sabri Ben Hessen,Tunisia,GK,29,2,0,0.0001244950644230008,0.0003,0.0,0.0
Ali Abdi,Tunisia,DF,32,46,7,0.10544534345414798,0.29615,1.0,0.0
Taha Ali,Sweden,FW,27,2,0,0.04974121805454834,0.17955,1.0,0.0
Micky van de Ven,Netherlands,DF,25,21,1,0.00613287029469745,0.0497,0.0,0.0
Herman Johansson,Sweden,DF,28,3,0,0.004023186754411998,0.01375,0.0,0.0
Isak Hien,Sweden,DF,27,29,0,0.00239617163385698,0.00795,0.0,0.0
Victor Lindelöf (captain),Sweden,DF,31,76,3,0.03900343129991568,0.1358,1.0,0.0
Gustaf Lagerbielke,Sweden,DF,26,11,2,0.02462190293700143,0.08715,0.0,0.0
Jacob Widell Zetterström,Sweden,GK,27,3,0,8.29020300909139e-05,0.0002,0.0,0.0
Quinten Timber,Netherlands,MF,24,11,1,0.014049848311488705,0.121,1.0,0.0
Jorrel Hato,Netherlands,DF,20,8,0,0.001951367821040098,0.0162,0.0,0.0
Crysencio Summerville,Netherlands,FW,24,2,0,0.031221885136641567,0.2717,1.0,0.0
Mark Flekken,Netherlands,GK,32,12,0,4.088580196464967e-05,0.00065,0.0,0.0
Denzel Dumfries,Netherlands,DF,30,72,11,0.05881331851320854,0.5166,1.0,0.0
Frenkie de Jong,Netherlands,MF,29,66,2,0.014986504865587951,0.1321,1.0,0.0
Teun Koopmeiners,Netherlands,MF,28,28,3,0.0170359414284034,0.1465,1.0,0.0
Brian Brobbey,Netherlands,FW,24,12,1,0.0245314811787898,0.2159,1.0,0.0
Donyell Malen,Netherlands,FW,27,53,13,0.08006902801170983,0.7045,2.0,0.0
Noa Lang,Netherlands,FW,26,15,3,0.03577507671906846,0.3132,1.0,0.0
Guus Til,Netherlands,MF,28,7,1,0.01717203682515286,0.1504,1.0,0.0
Gabriel Gudmundsson,Sweden,DF,27,24,0,0.002243964724265339,0.0087,0.0,0.0
Lucas Bergvall,Sweden,MF,20,10,0,0.010421969497143463,0.0338,0.0,0.0
Gustaf Nilsson,Sweden,FW,29,10,4,0.08639264188421554,0.3097,1.0,0.0
Daniel Svensson,Sweden,DF,24,13,0,0.002533117586111258,0.00945,0.0,0.0
Elliot Stroud,Sweden,DF,23,1,0,0.004559611655000265,0.0161,0.0,0.0
Kristoffer Nordfeldt,Sweden,GK,36,21,0,5.8519080064174515e-05,0.0001,0.0,0.0
Besfort Zeneli,Sweden,MF,23,8,0,0.011519018917895404,0.042,0.0,0.0
Alexander Bernhardsson,Sweden,DF,27,11,0,0.002735766993000159,0.0101,0.0,0.0
Eric Smith,Sweden,DF,29,2,0,0.004274635926562748,0.0147,0.0,0.0
Mattias Svanberg,Sweden,MF,27,41,2,0.031375229849792026,0.11165,1.0,0.0
Yasin Ayari,Sweden,MF,22,21,3,0.03544061786386569,0.1253,1.0,0.0
Jesper Karlström,Sweden,MF,30,25,0,0.007895431437229896,0.0285,0.0,0.0
Carl Starfelt,Sweden,DF,31,18,0,0.002137317963281374,0.00655,0.0,0.0
Hjalmar Ekdal,Sweden,DF,27,13,0,0.002533117586111258,0.00855,0.0,0.0
Ken Sema,Sweden,MF,32,33,5,0.06182122815351007,0.21895,1.0,0.0
Viktor Johansson,Sweden,GK,27,12,0,6.513730935714664e-05,0.0004,0.0,0.0
Anthony Elanga,Sweden,FW,24,30,6,0.08745708668931576,0.30995,1.0,0.0
Benjamin Nygren,Sweden,MF,24,11,3,0.04725415715182092,0.1687,1.0,0.0
Alexander Isak,Sweden,FW,26,58,17,0.23375190744610777,0.83585,2.0,0.0
Pascal Groß,Germany,MF,34,18,1,0.015108182827506953,0.12795,1.0,0.0
Nick Woltemade,Germany,FW,24,11,4,0.07302288366628361,0.62625,2.0,0.0
Connor Metcalfe,Australia,MF,26,36,1,0.014001082572981181,0.1101,1.0,0.0
Abdülkerim Bardakcı,Turkey,DF,31,27,2,0.013807721242392221,0.04645,0.0,0.0
Altay Bayındır,Turkey,GK,28,12,0,5.879713552756868e-05,0.00015,0.0,0.0
Kenan Yıldız,Turkey,FW,21,28,5,0.04936440792074914,0.1692,1.0,0.0
Hakan Çalhanoğlu (captain),Turkey,MF,32,105,22,0.19232057199173636,0.6697,2.0,0.0
Deniz Gül,Turkey,FW,21,8,2,0.05810540452136199,0.20435,1.0,0.0
Arda Güler,Turkey,FW,21,29,6,0.05689367314604063,0.19425,1.0,0.0
Kerem Aktürkoğlu,Turkey,FW,27,52,15,0.13504609018667305,0.46275,1.0,0.0
Orkun Kökçü,Turkey,MF,25,50,4,0.036664096883259646,0.13025,1.0,0.0
Salih Özcan,Turkey,MF,28,30,1,0.01227352999323753,0.04475,0.0,0.0
Çağlar Söyüncü,Turkey,DF,30,60,2,0.017000497625768198,0.06085,0.0,0.0
Merih Demiral,Turkey,DF,28,62,6,0.04751357401743695,0.1656,1.0,0.0
Zeki Çelik,Turkey,DF,29,61,3,0.024632671646304432,0.085,0.0,0.0
Mert Günok,Turkey,GK,37,37,0,5.146198175716233e-05,0.0002,0.0,0.0
Alexandro Maidana,Paraguay,DF,20,2,1,0.02708617222781576,0.08465,0.0,0.0
Isidro Pitta,Paraguay,FW,26,5,0,0.04952900064514882,0.1495,1.0,0.0
Gustavo Caballero,Paraguay,MF,24,2,1,0.048005031394528865,0.1492,1.0,0.0
Eren Elmalı,Turkey,DF,25,23,0,0.0016685673595661383,0.00555,0.0,0.0
Ozan Kabak,Turkey,DF,26,30,2,0.014295873003486895,0.05105,0.0,0.0
Gastón Olveira,Paraguay,GK,33,1,0,0.0001118396788761425,0.0004,0.0,0.0
İsmail Yüksek,Turkey,MF,27,32,1,0.012482846008626074,0.04445,0.0,0.0
Antonee Robinson,United States,DF,28,54,5,0.034451939656853545,0.38565,1.0,0.0
Tyler Adams,United States,MF,27,54,2,0.01922241556238803,0.21295,1.0,0.0
Chris Richards,United States,DF,26,36,3,0.01933683470264034,0.22365,1.0,0.0
Sergiño Dest,United States,DF,25,39,3,0.019762488296723616,0.2215,1.0,0.0
Matt Turner,United States,GK,31,54,0,5.312317226000094e-05,0.0008,0.0,0.0
Can Uzun,Turkey,FW,20,6,1,0.04938959384315769,0.1685,1.0,0.0
Samet Akaydin,Turkey,DF,32,19,1,0.009354089743022289,0.0339,0.0,0.0
Oğuz Aydın,Turkey,FW,25,11,0,0.024694796921578846,0.0849,0.0,0.0
Uğurcan Çakır,Turkey,GK,30,39,0,5.267142903700163e-05,0.0,0.0,0.0
Kaan Ayhan,Turkey,MF,31,73,5,0.04697114562711807,0.1642,1.0,0.0
Barış Alper Yılmaz,Turkey,FW,26,35,4,0.044476049344181444,0.15075,1.0,0.0
Ferdi Kadıoğlu,Turkey,DF,26,30,2,0.014295873003486895,0.0523,0.0,0.0
Yunus Akgün,Turkey,FW,25,19,4,0.05291742197481181,0.1841,1.0,0.0
Mert Müldür,Turkey,DF,27,45,3,0.023099546209024022,0.08245,0.0,0.0
İrfan Can Kahveci,Turkey,FW,30,47,6,0.06256902724065798,0.21415,1.0,0.0
Matías Galarza,Paraguay,MF,24,15,3,0.050671977583113786,0.1498,1.0,0.0
Gabriel Ávalos,Paraguay,FW,35,23,2,0.04430093946593867,0.13555,1.0,0.0
Giovanni Reyna,United States,MF,23,38,9,0.06280339476071223,0.71055,2.0,0.0
Gustavo Velázquez,Paraguay,DF,35,13,1,0.016051065023890823,0.04935,0.0,0.0
Tete Yengi,Australia,FW,25,1,1,0.07997146122414599,0.62895,2.0,0.0
Lucas Herrington,Australia,DF,18,4,0,0.0037023824640808325,0.0297,0.0,0.0
Paul Okon-Engstler,Australia,MF,21,6,0,0.012544542937120939,0.10005,0.0,0.0
Nishan Velupillay,Australia,FW,25,7,3,0.08330360544181874,0.65885,2.0,0.0
Cameron Burgess,Australia,DF,30,27,0,0.001671877238135456,0.01325,0.0,0.0
Cristian Volpato,Australia,FW,22,1,0,0.053314307482763994,0.4201,1.0,0.0
Patrick Beach,Australia,GK,22,2,0,8.330360544181873e-05,0.00065,0.0,0.0
Nestory Irankunda,Australia,FW,20,15,5,0.07775003174569749,0.6087,2.0,0.0
Aziz Behich,Australia,DF,35,84,3,0.028289224378609465,0.22355,1.0,0.0
Kai Trewin,Australia,DF,25,6,0,0.0033321442176727496,0.02645,0.0,0.0
Cammy Devlin,Australia,MF,28,5,0,0.013328576870690998,0.1074,1.0,0.0
Aiden O'Neill,Australia,MF,27,31,0,0.005996348415294998,0.05,0.0,0.0
Paul Izzo,Australia,GK,31,4,0,7.840339335700588e-05,0.00105,0.0,0.0
Ajdin Hrustic,Australia,FW,29,37,4,0.04900942551210603,0.38705,1.0,0.0
Mohamed Touré,Australia,FW,22,10,2,0.056120323666067354,0.44465,1.0,0.0
Gatito Fernández,Paraguay,GK,38,31,0,7.83081467395067e-05,0.0003,0.0,0.0
Omar Alderete,Paraguay,DF,29,36,3,0.03605711246966835,0.1079,1.0,0.0
Braian Ojeda,Paraguay,MF,25,17,0,0.009905800129029765,0.0323,0.0,0.0
Juan José Cáceres,Paraguay,DF,26,17,0,0.0027959919719035627,0.0082,0.0,0.0
Julio Enciso,Paraguay,FW,22,32,4,0.07215932451715991,0.22105,1.0,0.0
Álex Arce,Paraguay,FW,30,15,1,0.04333787556450522,0.13775,1.0,0.0
Kaku,Paraguay,FW,31,33,6,0.09685671237273547,0.30455,1.0,0.0
Damián Bobadilla,Paraguay,MF,24,19,1,0.020802180270962506,0.0607,0.0,0.0
Gustavo Gómez (captain),Paraguay,DF,33,89,4,0.056587016810439185,0.1771,1.0,0.0
Andrés Cubas,Paraguay,MF,30,33,0,0.009245413453761115,0.027,0.0,0.0
José Canale,Paraguay,DF,29,2,0,0.005417234445563152,0.01615,0.0,0.0
Orlando Gill,Paraguay,GK,26,6,0,9.630639014334494e-05,0.0004,0.0,0.0
Maurício,Paraguay,MF,24,3,0,0.01981160025805953,0.0602,0.0,0.0
Miguel Almirón,Paraguay,MF,32,76,10,0.14537615637638165,0.4402,1.0,0.0
Antonio Sanabria,Paraguay,FW,30,48,7,0.11678416994224565,0.3558,1.0,0.0
Diego Gómez,Paraguay,MF,23,24,3,0.04015150985633398,0.12365,1.0,0.0
Ramón Sosa,Paraguay,MF,26,29,1,0.020108774261930425,0.0642,0.0,0.0
Júnior Alonso,Paraguay,DF,33,71,3,0.04183096381285053,0.1302,1.0,0.0
Fabián Balbuena,Paraguay,DF,34,48,2,0.0268415229302742,0.08395,0.0,0.0
Auston Trusty,United States,DF,27,8,0,0.0020424249940871574,0.0229,0.0,0.0
Weston McKennie,United States,MF,27,66,12,0.09066354732373492,1.03015,2.0,0.0
Jamal Musiala,Germany,MF,23,42,9,0.060490503480839924,0.5151,1.0,0.0
Pedro Vite,Ecuador,MF,24,17,1,0.01560844785215735,0.17895,1.0,0.0
Moisés Ramírez,Ecuador,GK,25,7,0,6.5621102081142e-05,0.00085,0.0,0.0
Kevin Rodríguez,Ecuador,FW,26,31,2,0.028402793995120707,0.3248,1.0,0.0
Kendry Páez,Ecuador,MF,19,26,2,0.018373908582719756,0.2156,1.0,0.0
John Yeboah,Ecuador,FW,25,23,3,0.03793719964066022,0.4406,1.0,0.0
Anthony Valencia,Ecuador,MF,22,3,1,0.0312168957043147,0.3581,1.0,0.0
Pervis Estupiñán,Ecuador,DF,28,54,5,0.03819825473252714,0.43455,1.0,0.0
Willian Pacho,Ecuador,DF,24,34,2,0.014602242880556008,0.1648,1.0,0.0
Jordy Alcívar,Ecuador,MF,26,11,1,0.019865297266382077,0.2388,1.0,0.0
Joel Ordóñez,Ecuador,DF,22,17,0,0.001958049013711495,0.0222,0.0,0.0
Piero Hincapié,Ecuador,DF,24,52,3,0.02346076336840371,0.2642,1.0,0.0
Félix Torres,Ecuador,DF,29,49,5,0.03741228241292781,0.42875,1.0,0.0
Hernán Galíndez,Ecuador,GK,39,35,0,4.933487790715755e-05,0.0006,0.0,0.0
Trevor Doornbusch,Curaçao,GK,26,8,0,6.026067434506876e-05,0.0001,0.0,0.0
Tyrick Bodak,Curaçao,GK,24,4,0,6.735016544448862e-05,5e-05,0.0,0.0
Deveron Fonville,Curaçao,DF,23,2,0,0.0035779775392384577,0.0058,0.0,0.0
Alan Minda,Ecuador,MF,23,20,2,0.021930148953568745,0.24805,1.0,0.0
Ángelo Preciado,Ecuador,DF,28,55,0,0.0018257990529822802,0.02085,0.0,0.0
Kevin Felida,Curaçao,MF,26,19,1,0.014304068014402075,0.0224,0.0,0.0
Denil Castillo,Ecuador,MF,22,5,0,0.01213990388501127,0.14075,1.0,0.0
Jamie Leweling,Germany,MF,25,5,1,0.027383581374856355,0.2369,1.0,0.0
Leon Goretzka,Germany,MF,31,70,15,0.10635497525584815,0.9143,2.0,0.0
Joshua Kimmich (captain),Germany,DF,31,110,10,0.07082434523332024,0.6011,2.0,0.0
Aleksandar Pavlović,Germany,MF,22,11,1,0.01991533190898644,0.16985,1.0,0.0
Jonathan Tah,Germany,DF,30,47,1,0.007501804442219299,0.06595,0.0,0.0
Waldemar Anton,Germany,DF,29,13,0,0.002253792705749494,0.0188,0.0,0.0
Antonio Rüdiger,Germany,DF,33,82,3,0.021622887218960645,0.18025,1.0,0.0
Manuel Neuer,Germany,GK,40,124,0,6.271748969433191e-05,0.0003,0.0,0.0
Yaimar Medina,Ecuador,DF,21,6,0,0.0030349759712528174,0.03475,0.0,0.0
Jackson Porozo,Ecuador,DF,25,10,1,0.012645733213553407,0.14545,1.0,0.0
Jeremy Arévalo,Ecuador,FW,21,4,0,0.037353550415419295,0.4243,1.0,0.0
Moisés Caicedo,Ecuador,MF,24,61,3,0.029497166882029476,0.3411,1.0,0.0
Gonzalo Valle,Ecuador,GK,30,4,0,7.141119932359571e-05,0.00125,0.0,0.0
Alan Franco,Ecuador,MF,27,58,1,0.013862794264098185,0.15925,1.0,0.0
Gonzalo Plata,Ecuador,FW,25,50,8,0.07764569162143439,0.8907,2.0,0.0
Riechedly Bazoer,Curaçao,DF,29,5,0,0.0030130337172534377,0.0043,0.0,0.0
Tahith Chong,Curaçao,MF,26,6,3,0.05118612573781134,0.08245,0.0,0.0
Brenden Aaronson,United States,FW,25,58,9,0.07868924952343753,0.8956,2.0,0.0
Shurandy Sambo,Curaçao,DF,24,8,0,0.0026021654830825146,0.00465,0.0,0.0
Alejandro Zendejas,United States,FW,28,14,2,0.03125798251820345,0.35835,1.0,0.0
Chris Brady,United States,GK,22,1,0,5.797851596118381e-05,0.0006,0.0,0.0
Matt Freese,United States,GK,27,15,0,3.994075543992663e-05,0.00065,0.0,0.0
Joe Scally,United States,DF,23,26,0,0.0013428357432389126,0.016,0.0,0.0
Mark McKenzie,United States,DF,27,29,0,0.0013932821665090683,0.0155,0.0,0.0
Timothy Weah,United States,FW,26,51,7,0.06321657498940111,0.7097,2.0,0.0
Folarin Balogun,United States,FW,24,27,9,0.06817473773366788,0.77945,2.0,0.0
Haji Wright,United States,FW,28,20,7,0.05577933087300098,0.6357,2.0,0.0
Max Arfsten,United States,DF,25,20,1,0.006607845569105509,0.07325,0.0,0.0
Malik Tillman,United States,MF,24,30,3,0.02297685174172398,0.26285,1.0,0.0
Alex Freeman,United States,DF,21,17,2,0.01304516609126636,0.15095,1.0,0.0
Cristian Roldan,United States,MF,31,47,0,0.005357095378862931,0.0604,0.0,0.0
Sebastian Berhalter,United States,MF,25,13,1,0.013480004960975237,0.15165,1.0,0.0
Tim Ream (captain),United States,DF,38,82,1,0.008823119466794135,0.1004,0.0,0.0
Miles Robinson,United States,DF,29,40,3,0.019893862862798702,0.23065,1.0,0.0
Eloy Room,Curaçao,GK,37,71,0,8.820469246330965e-05,0.0002,0.0,0.0
Juriën Gaari,Curaçao,DF,32,60,1,0.012716987921765713,0.02065,0.0,0.0
Joshua Brenet,Curaçao,DF,32,18,2,0.01610089892657306,0.02625,0.0,0.0
Roshon van Eijma,Curaçao,DF,28,28,1,0.010456190069007365,0.0152,0.0,0.0
Gervane Kastaneer,Curaçao,FW,30,29,9,0.10533235680042155,0.17095,1.0,0.0
Armando Obispo,Curaçao,DF,27,6,0,0.0028623820313907664,0.00445,0.0,0.0
Brandley Kuwas,Curaçao,FW,33,35,2,0.03992363480893721,0.06185,0.0,0.0
Jearl Margaritha,Curaçao,FW,26,22,5,0.06233238466943745,0.10085,0.0,0.0
Ar'jany Martha,Curaçao,MF,22,9,2,0.03205867875157658,0.0515,0.0,0.0
Kenji Gorré,Curaçao,FW,31,38,6,0.08115783270582737,0.1266,1.0,0.0
Tyrese Noslin,Curaçao,FW,23,7,1,0.042935730470861494,0.0698,0.0,0.0
Sontje Hansen,Curaçao,FW,24,6,1,0.04579811250225226,0.07375,0.0,0.0
Jeremy Antonisse,Curaçao,FW,24,27,4,0.05646342637263976,0.09255,0.0,0.0
Leandro Bacuna (captain),Curaçao,MF,34,72,16,0.1828598675778984,0.29855,1.0,0.0
Jürgen Locadia,Curaçao,FW,32,13,1,0.031225985796990173,0.0493,0.0,0.0
Livano Comenencia,Curaçao,MF,22,20,2,0.022666321697977252,0.0364,0.0,0.0
Juninho Bacuna,Curaçao,MF,28,49,15,0.16190364702851004,0.2575,1.0,0.0
Godfried Roemeratoe,Curaçao,MF,26,28,1,0.01621513783009142,0.0269,0.0,0.0
Sherel Floranus,Curaçao,DF,27,28,0,0.0020912380138014726,0.0028,0.0,0.0
Jorge Gutiérrez,Panama,DF,27,18,0,0.0023456579094892783,0.00765,0.0,0.0
