player,team,exp_g_match,is_taker,exp_goals,p_gb
Kylian Mbappé (captain),France,0.7151204962323549,True,11.05405,55.505
Erling Haaland,Norway,0.7331514552580326,True,9.3154,17.845
Harry Kane (captain),England,0.810929173196081,True,9.13605,14.77
Lionel Messi (captain),Argentina,0.402026054699369,True,8.72955,7.985
Ousmane Dembélé,France,0.3281942064776723,False,6.30545,1.15
Vinícius Júnior,Brazil,0.3406668117447576,False,5.97085,0.845
Mikel Oyarzabal,Spain,0.231159627345319,True,5.59895,0.385
Jonathan David,Canada,0.4014736920152009,True,5.1353,0.365
Cristiano Ronaldo (captain),Portugal,0.6030190887359504,True,4.9667,0.36
Folarin Balogun,United States,0.378718140983302,True,5.12665,0.35500000000000004
Ayoub El Kaabi,Morocco,0.5066591617520743,True,3.0339,0.075
Romelu Lukaku,Belgium,0.3357953427017098,False,3.9196,0.055
Matheus Cunha,Brazil,0.2414434427965089,False,4.3917,0.04
Raúl Jiménez,Mexico,0.3236369674494737,True,3.79045,0.034999999999999996
Mohamed Salah (captain),Egypt,0.5104163839205632,True,3.22375,0.034999999999999996
Luis Díaz,Colombia,0.3964748413904591,False,3.16075,0.025
Julián Quiñones,Mexico,0.2333333333333333,False,4.28105,0.025
Ismael Saibari,Morocco,0.2027827858086926,False,4.2191,0.025
Jude Bellingham,England,0.3199551292872729,False,4.0154,0.02
Cody Gakpo,Netherlands,0.2885969964282682,False,4.1417,0.015
Cyle Larin,Canada,0.3038925569660617,False,3.62355,0.01
Víctor Muñoz,Spain,0.2102805126352774,False,1.43705,0.01
Deniz Undav,Germany,0.2826728937771011,False,4.1227,0.01
Bradley Barcola,France,0.1920440671311798,False,3.34505,0.005
Ollie Watkins,England,0.3734389617042197,False,2.373,0.005
Alexander Isak,Sweden,0.4139037294777349,False,2.6459,0.005
Gonzalo Plata,Ecuador,0.2333333333333333,False,1.94165,0.005
Soufiane Rahimi,Morocco,0.2333333333333333,False,2.3765,0.005
Haji Wright,United States,0.2333333333333333,False,1.2887,0.005
Riyad Mahrez (captain),Algeria,0.2333333333333333,False,3.09325,0.005
Leandro Trossard,Belgium,0.2201586788028064,False,3.2548,0.005
Désiré Doué,France,0.1666126182454733,False,2.1833,0.005
Kevin De Bruyne,Belgium,0.2523508566657943,True,2.43235,0.005
Lamine Yamal,Spain,0.2544509094204862,False,2.76265,0.005
Maxence Lacroix,France,0.0614445645531131,False,0.4291,0.0
Maghnes Akliouche,France,0.1993770738378955,False,1.4013,0.0
Michael Olise,France,0.2329055239388639,False,1.6454,0.0
Rayan Cherki,France,0.1483394019437671,False,1.03985,0.0
Jean-Philippe Mateta,France,0.3168647747041517,False,2.2312,0.0
Théo Hernandez,France,0.0773995210559253,False,0.5423,0.0
William Saliba,France,0.0425129048330682,False,0.30905,0.0
Ibrahima Konaté,France,0.0450724459823437,False,0.31745,0.0
Adrien Rabiot,France,0.1308579624974682,False,0.9147,0.0
N'Golo Kanté,France,0.0794350632447425,False,0.56255,0.0
Ibrahim Bayesh,Iraq,0.0826666666666666,False,0.2488,0.0
Manuel Ugarte,Uruguay,0.0632984478880016,False,0.19025,0.0
Nicolás de la Cruz,Uruguay,0.0689976033625924,False,0.2075,0.0
Federico Valverde,Uruguay,0.1006096141224345,False,0.30625,0.0
Darwin Núñez,Uruguay,0.4546118586707596,False,1.36185,0.0
Facundo Pellistri,Uruguay,0.2190776286102932,False,0.64805,0.0
Agustín Canobbio,Uruguay,0.0826666666666666,False,1.24995,0.0
Mathías Olivera,Uruguay,0.0478399999842533,False,0.1443,0.0
Brian Rodríguez,Uruguay,0.2333333333333333,False,0.7116,0.0
Rodrigo Aguirre,Uruguay,0.2333333333333333,False,0.69365,0.0
Youssef Amyn,Iraq,0.0826666666666666,False,0.25,0.0
Federico Viñas,Uruguay,0.2877804174923615,True,0.8617,0.0
Joaquín Piquerez,Uruguay,0.0826666666666666,False,0.24285,0.0
Juan Manuel Sanabria,Uruguay,0.0826666666666666,False,0.2421,0.0
Rodrigo Zalazar,Uruguay,0.1024946868446238,False,0.29945,0.0
Malo Gusto,France,0.0413320484982827,False,0.2937,0.0
Dayot Upamecano,France,0.0610284558732159,False,0.42635,0.0
Jules Koundé,France,0.0499471269773804,False,0.3564,0.0
Manu Koné,France,0.0826666666666666,False,0.57775,0.0
Aurélien Tchouaméni,France,0.0716984550704813,False,0.50525,0.0
Marcus Thuram,France,0.2299595514111999,False,1.61665,0.0
Maximiliano Araújo,Uruguay,0.1422218117601672,False,0.42675,0.0
Oscar Bobb,Norway,0.0650928212420542,False,0.3771,0.0
Jens Petter Hauge,Norway,0.1102117466701345,False,0.65375,0.0
Julian Ryerson,Norway,0.0405386459836505,False,0.23765,0.0
Abdoulaye Seck,Senegal,0.0738762410761546,False,0.296,0.0
Idrissa Gueye,Senegal,0.0838092344231065,False,0.3352,0.0
Pathé Ciss,Senegal,0.0768568422530423,False,0.3092,0.0
Assane Diao,Senegal,0.1955919033897011,False,0.7861,0.0
Lamine Camara,Senegal,0.0736765575295972,False,0.289,0.0
Bamba Dieng,Senegal,0.2923373618709343,True,1.1691,0.0
Sadio Mané,Senegal,0.2333333333333333,False,0.9356,0.0
Kevin Yakob,Iraq,0.0826666666666666,False,0.25045,0.0
Cherif Ndiaye,Senegal,0.2874371107301555,False,1.14075,0.0
Iliman Ndiaye,Senegal,0.1741897733376935,False,1.68795,0.0
Pape Matar Sarr,Senegal,0.0826666666666666,False,0.33695,0.0
Ismaïla Sarr,Senegal,0.209243085026817,False,4.84045,0.0
Ibrahim Mbaye,Senegal,0.157938366005035,False,1.63635,0.0
Habib Diarra,Senegal,0.0878306966434467,False,2.3577,0.0
Bara Sapoko Ndiaye,Senegal,0.0826666666666666,False,0.331,0.0
Antoine Mendy,Senegal,0.0448601707766959,False,0.179,0.0
Pape Gueye,Senegal,0.1026445951320003,False,2.4106,0.0
Ramiz Zerrouki,Algeria,0.0689457994950328,False,0.3211,0.0
Amine Gouiri,Algeria,0.2899562125567927,False,2.36085,0.0
Nicolas Jackson,Senegal,0.3985341043833358,False,1.576,0.0
Ali Al-Hamadi,Iraq,0.2333333333333333,False,0.70845,0.0
Mohanad Ali,Iraq,0.2333333333333333,False,0.69435,0.0
Ahmed Qasem,Iraq,0.1937904647448024,False,0.58835,0.0
Ali Yousif,Iraq,0.2333333333333333,False,0.7062,0.0
Zidane Iqbal,Iraq,0.0826666666666666,False,0.24885,0.0
Amir Al-Ammari,Iraq,0.0826666666666666,False,0.244,0.0
Ali Jasim,Iraq,0.2333333333333333,False,0.7028,0.0
Aymen Hussein,Iraq,0.2333333333333333,False,1.69505,0.0
Ronald Araújo,Uruguay,0.0761364133454486,False,0.2244,0.0
Aimar Sher,Iraq,0.0826666666666666,False,0.25105,0.0
Marko Farji,Iraq,0.2333333333333333,False,0.7054,0.0
Andreas Schjelderup,Norway,0.1803535787618003,False,1.057,0.0
Morten Thorsby,Norway,0.0853151713625652,False,0.5116,0.0
Leo Østigård,Norway,0.0635589866929425,False,1.37165,0.0
Patrick Berg,Norway,0.0893322321081189,False,0.53115,0.0
Alexander Sørloth,Norway,0.3526409365207791,False,2.10055,0.0
Sander Berge,Norway,0.0468301135479828,False,0.2758,0.0
Martin Ødegaard (captain),Norway,0.1272488536881038,False,0.7481,0.0
Jørgen Strand Larsen,Norway,0.277278440074569,False,1.6428,0.0
Fredrik Aursnes,Norway,0.0791726379025182,False,0.46985,0.0
Kristian Thorstvedt,Norway,0.1510738807258282,False,0.8963,0.0
Thelo Aasgaard,Norway,0.0704417723987826,False,1.40875,0.0
Antonio Nusa,Norway,0.1036079888378882,False,1.605,0.0
Zaid Ismail,Iraq,0.0826666666666666,False,0.2445,0.0
Ali Alipour,Iran,0.2333333333333333,False,0.6989,0.0
Saman Ghoddos,Iran,0.05222285669957,False,0.1543,0.0
Rouzbeh Cheshmi,Iran,0.0826666666666666,False,0.24305,0.0
Mehdi Torabi,Iran,0.0826666666666666,False,0.2435,0.0
Amirhossein Hosseinzadeh,Iran,0.2333333333333333,False,0.69865,0.0
Shahriyar Moghanlou,Iran,0.2333333333333333,False,0.70255,0.0
Mohammad Ghorbani,Iran,0.0826666666666666,False,0.24835,0.0
Dennis Eckert,Iran,0.2333333333333333,False,0.68715,0.0
Amirmohammad Razzaghinia,Iran,0.0826666666666666,False,0.251,0.0
Joe Bell,New Zealand,0.0826666666666666,False,0.2461,0.0
Houssem Aouar,Algeria,0.1143132341245239,False,0.5325,0.0
Marko Stamenić,New Zealand,0.1033767282561752,False,0.3114,0.0
Chris Wood (captain),New Zealand,0.3822343803950848,True,1.13735,0.0
Sarpreet Singh,New Zealand,0.0826666666666666,False,0.25275,0.0
Elijah Just,New Zealand,0.0826666666666666,False,3.24465,0.0
Liberato Cacace,New Zealand,0.0424541971974696,False,0.12605,0.0
Alex Rufer,New Zealand,0.0826666666666666,False,0.2482,0.0
Kosta Barbarouses,New Zealand,0.2333333333333333,False,0.70055,0.0
Ben Waine,New Zealand,0.2333333333333333,False,0.69825,0.0
Ben Old,New Zealand,0.0826666666666666,False,0.24745,0.0
Callum McCowatt,New Zealand,0.0826666666666666,False,0.24985,0.0
Jesse Randall,New Zealand,0.2333333333333333,False,0.7116,0.0
Matthew Garbett,New Zealand,0.0826666666666666,False,0.2486,0.0
Hans Vanaken,Belgium,0.1282356575982768,False,0.726,0.0
Alexis Saelemaekers,Belgium,0.1048155839274737,False,1.59405,0.0
Nicolas Raskin,Belgium,0.0904293169224533,False,0.5129,0.0
Amadou Onana,Belgium,0.0986522885969571,False,0.55855,0.0
Nathan Ngoy,Belgium,0.0445822072390297,False,0.25205,0.0
Matias Fernandez-Pardo,Belgium,0.179376022408267,False,1.0216,0.0
Trézéguet,Egypt,0.2333333333333333,False,2.01765,0.0
Emam Ashour,Egypt,0.0826666666666666,False,1.36205,0.0
Hamza Abdelkarim,Egypt,0.2333333333333333,False,1.01665,0.0
Mostafa Ziko,Egypt,0.0826666666666666,False,0.36585,0.0
Haissem Hassan,Egypt,0.1057863533665372,False,0.4598,0.0
Mehdi Ghayedi,Iran,0.2333333333333333,False,0.6923,0.0
Mohanad Lasheen,Egypt,0.0826666666666666,False,0.3562,0.0
Nabil Emad,Egypt,0.0826666666666666,False,0.35815,0.0
Marwan Attia,Egypt,0.0826666666666666,False,0.35465,0.0
Ibrahim Adel,Egypt,0.2333333333333333,False,1.0094,0.0
Mahmoud Saber,Egypt,0.0826666666666666,False,1.3549,0.0
Omar Marmoush,Egypt,0.3105505908852195,False,1.35965,0.0
Zizo,Egypt,0.2333333333333333,False,1.00765,0.0
Saeid Ezatolahi,Iran,0.0826666666666666,False,0.2438,0.0
Alireza Jahanbakhsh,Iran,0.0826666666666666,False,0.24955,0.0
Mohammad Mohebi,Iran,0.0826666666666666,False,0.24805,0.0
Mehdi Taremi,Iran,0.1811924200710899,True,0.54635,0.0
Hamdy Fathy,Egypt,0.0826666666666666,False,0.3598,0.0
Khalid Al-Ghannam,Saudi Arabia,0.2333333333333333,False,0.6964,0.0
Alaa Al-Hejji,Saudi Arabia,0.0826666666666666,False,0.25195,0.0
Abdullah Al-Hamdan,Saudi Arabia,0.2333333333333333,False,0.70365,0.0
Sultan Mandash,Saudi Arabia,0.2333333333333333,False,0.699,0.0
Mohamed Kanno,Saudi Arabia,0.0826666666666666,False,0.2458,0.0
Álex Grimaldo,Spain,0.0748267324013247,False,0.51365,0.0
Eric García,Spain,0.0758749960508936,False,0.5213,0.0
Marcos Llorente,Spain,0.0690076763591315,False,0.4655,0.0
Mikel Merino,Spain,0.0823348045899598,False,0.5562,0.0
Ferran Torres,Spain,0.1475767017320319,False,1.01175,0.0
Fabián Ruiz,Spain,0.119772720550212,False,0.8219,0.0
Ryan Thomas,New Zealand,0.0826666666666666,False,0.24475,0.0
Dani Olmo,Spain,0.1500853037578118,False,1.0422,0.0
Yéremy Pino,Spain,0.2333333333333333,False,1.5934,0.0
Pedro Porro,Spain,0.0424232599605606,False,1.29285,0.0
Aymeric Laporte,Spain,0.0510193123660408,False,0.34805,0.0
Álex Baena,Spain,0.0687933347587412,False,1.47645,0.0
Rodri (captain),Spain,0.0998339631446634,False,0.6982,0.0
Nico Williams,Spain,0.2007130554618873,False,1.37655,0.0
Martín Zubimendi,Spain,0.0569371133132814,False,0.38535,0.0
Pedri,Spain,0.0675999739934863,False,0.4667,0.0
Marc Cucurella,Spain,0.0666195646925314,False,0.4596,0.0
Borja Iglesias,Spain,0.2390344222436858,False,1.65425,0.0
Gavi,Spain,0.0609136778027054,False,0.417,0.0
Lachlan Bayliss,New Zealand,0.0826666666666666,False,0.24305,0.0
Kevin Pina,Cape Verde,0.0826666666666666,False,1.32495,0.0
Jovane Cabral,Cape Verde,0.0594711237366607,False,0.24125,0.0
Gilson Benchimol,Cape Verde,0.2333333333333333,False,0.9276,0.0
Jamiro Monteiro,Cape Verde,0.0826666666666666,False,0.3284,0.0
Garry Rodrigues,Cape Verde,0.0826666666666666,False,0.3385,0.0
Deroy Duarte,Cape Verde,0.0609928229128308,False,0.2441,0.0
Laros Duarte,Cape Verde,0.0826666666666666,False,0.3296,0.0
Yannick Semedo,Cape Verde,0.0826666666666666,False,0.33665,0.0
Willy Semedo,Cape Verde,0.1997178673719213,False,0.81635,0.0
Telmo Arcanjo,Cape Verde,0.0826666666666666,False,0.33315,0.0
Ziyad Al-Johani,Saudi Arabia,0.0826666666666666,False,0.2503,0.0
Ryan Mendes (captain),Cape Verde,0.2333333333333333,False,0.9331,0.0
Nuno da Costa,Cape Verde,0.0826666666666666,False,0.3321,0.0
Hélio Varela,Cape Verde,0.1096985501936131,False,1.4424,0.0
Nasser Al-Dawsari,Saudi Arabia,0.0826666666666666,False,0.2489,0.0
Musab Al-Juwayr,Saudi Arabia,0.0826666666666666,False,0.24345,0.0
Ayman Yahya,Saudi Arabia,0.2333333333333333,False,0.7039,0.0
Firas Al-Buraikan,Saudi Arabia,0.2333333333333333,False,0.69915,0.0
Salem Al-Dawsari (captain),Saudi Arabia,0.2333333333333333,False,0.68365,0.0
Saleh Al-Shehri,Saudi Arabia,0.2333333333333333,False,0.69895,0.0
Saud Abdulhamid,Saudi Arabia,0.0451372793083979,False,0.1376,0.0
Abdullah Al-Khaibari,Saudi Arabia,0.0826666666666666,False,0.24155,0.0
Dailon Livramento,Cape Verde,0.2333333333333333,False,0.9388,0.0
Azizbek Amonov,Uzbekistan,0.2333333333333333,False,0.69245,0.0
Igor Sergeev,Uzbekistan,0.2333333333333333,False,0.696,0.0
Abbosbek Fayzullaev,Uzbekistan,0.0826666666666666,False,1.24745,0.0
Sherzod Esanov,Uzbekistan,0.0826666666666666,False,0.25395,0.0
Josip Stanišić,Croatia,0.0697648462401244,False,0.30195,0.0
Joško Gvardiol,Croatia,0.0992831700130845,False,0.44845,0.0
Duje Ćaleta-Car,Croatia,0.0504536240997414,False,0.22275,0.0
Nikola Moro,Croatia,0.0455158195086542,False,0.1963,0.0
Mateo Kovačić,Croatia,0.0858722161179024,False,0.37805,0.0
Andrej Kramarić,Croatia,0.2109097428124557,False,0.9349,0.0
Luka Modrić (captain),Croatia,0.0696651871943707,False,0.31015,0.0
Nabil Bentaleb,Algeria,0.0452038987139957,False,0.2094,0.0
Nikola Vlašić,Croatia,0.0844980726063929,False,1.3708,0.0
Ivan Perišić,Croatia,0.0586453624472466,False,0.26305,0.0
Mario Pašalić,Croatia,0.0901194421521196,False,0.39595,0.0
Martin Baturina,Croatia,0.0823050675424688,False,1.3577,0.0
Petar Sučić,Croatia,0.0685502823826765,False,1.31125,0.0
Toni Fruk,Croatia,0.0826666666666666,False,0.3619,0.0
Igor Matanović,Croatia,0.2565684350310869,False,1.1332,0.0
Luka Sučić,Croatia,0.0630333355979587,False,0.28485,0.0
Luka Vušković,Croatia,0.0974279760420345,False,0.42595,0.0
Marco Pašalić,Croatia,0.2333333333333333,False,1.0339,0.0
Martin Erlić,Croatia,0.0726587711944426,False,0.3253,0.0
Ante Budimir,Croatia,0.2236976344364404,True,1.9995,0.0
Matheus Nunes,Portugal,0.0421724476981357,False,0.2054,0.0
Bruno Fernandes,Portugal,0.1970894626393306,False,0.9768,0.0
Gonçalo Ramos,Portugal,0.294539174162094,False,1.46885,0.0
Bernardo Silva,Portugal,0.0972704037925781,False,0.48455,0.0
João Félix,Portugal,0.1470947195591301,False,0.73245,0.0
Gonçalo Inácio,Portugal,0.0523040539733486,False,0.26295,0.0
João Neves,Portugal,0.078818804171727,False,1.3891,0.0
Francisco Trincão,Portugal,0.2333333333333333,False,1.1649,0.0
Rafael Leão,Portugal,0.2350662438879244,False,2.15715,0.0
Pedro Neto,Portugal,0.128167555216291,False,0.64115,0.0
Gonçalo Guedes,Portugal,0.1545712230450286,False,0.7633,0.0
Azizjon Ganiev,Uzbekistan,0.0826666666666666,False,0.24585,0.0
Vitinha,Portugal,0.1146367522980843,False,0.5631,0.0
Nuno Mendes,Portugal,0.1138296405079603,False,1.56785,0.0
Francisco Conceição,Portugal,0.1386042556027753,False,0.6806,0.0
Akmal Mozgovoy,Uzbekistan,0.0826666666666666,False,0.24905,0.0
Otabek Shukurov,Uzbekistan,0.0826666666666666,False,0.2468,0.0
Jamshid Iskanderov,Uzbekistan,0.0826666666666666,False,0.2429,0.0
Odiljon Hamrobekov,Uzbekistan,0.0826666666666666,False,0.24795,0.0
Jaloliddin Masharipov,Uzbekistan,0.0826666666666666,False,0.24745,0.0
Oston Urunov,Uzbekistan,0.0826666666666666,False,0.24545,0.0
Eldor Shomurodov (captain),Uzbekistan,0.1916199941464973,False,1.57145,0.0
Dostonbek Khamdamov,Uzbekistan,0.0826666666666666,False,0.24875,0.0
João Cancelo,Portugal,0.0588064482565408,False,0.29025,0.0
Christopher Bonsu Baah,Ghana,0.1876027217918104,False,0.79715,0.0
Abdul Rahman Baba,Ghana,0.0721989657797727,False,0.3015,0.0
Iñaki Williams,Ghana,0.2351767826134797,False,0.99995,0.0
Augustine Boakye,Ghana,0.1708955587121101,False,0.71625,0.0
Kojo Peprah Oppong,Ghana,0.0466295041165958,False,0.1959,0.0
Kamaldeen Sulemana,Ghana,0.0752105028668561,False,0.3182,0.0
Derrick Luckassen,Ghana,0.0560925323424745,False,1.2351,0.0
Ernest Nuamah,Ghana,0.1832104607566956,False,0.76675,0.0
Prince Kwabena Adu,Ghana,0.2333333333333333,False,0.9894,0.0
César Blackman,Panama,0.0595521460364127,False,0.17935,0.0
Edgardo Fariña,Panama,0.0409309813170622,False,0.12675,0.0
Petar Musa,Croatia,0.2333333333333333,False,2.0297,0.0
José Luis Rodríguez,Panama,0.0826666666666666,False,0.2489,0.0
Adalberto Carrasquilla,Panama,0.0826666666666666,False,0.2511,0.0
Tomás Rodríguez,Panama,0.2333333333333333,False,0.69755,0.0
Ismael Díaz,Panama,0.0826666666666666,False,0.24675,0.0
Yoel Bárcenas,Panama,0.1024435263050984,False,0.30945,0.0
Eric Davis,Panama,0.0402430326299237,False,0.1171,0.0
José Fajardo,Panama,0.2383770153289204,False,0.72355,0.0
Cecilio Waterman,Panama,0.2333333333333333,False,0.6979,0.0
Alberto Quintero,Panama,0.0826666666666666,False,0.2532,0.0
Aníbal Godoy (captain),Panama,0.0826666666666666,False,0.24855,0.0
Azarias Londoño,Panama,0.2333333333333333,False,0.7142,0.0
Cristian Martínez,Panama,0.0826666666666666,False,0.2434,0.0
Ezri Konsa,England,0.0488503604390973,False,0.31525,0.0
Nico O'Reilly,England,0.1270072642646773,False,0.80315,0.0
Declan Rice,England,0.1062199334171317,False,0.6662,0.0
John Stones,England,0.060915329600612,False,0.3884,0.0
Marc Guéhi,England,0.0674053381375276,False,0.42,0.0
Bukayo Saka,England,0.2963521836666855,False,1.8736,0.0
Elliot Anderson,England,0.0645488304664588,False,0.40775,0.0
Marcus Rashford,England,0.2014217423823161,False,2.27085,0.0
Jordan Henderson,England,0.0476866701421009,False,0.3038,0.0
Kobbie Mainoo,England,0.0460557836022383,False,0.28995,0.0
Morgan Rogers,England,0.1705972566659961,False,1.06365,0.0
Antoine Semenyo,Ghana,0.2463305928262554,False,1.03615,0.0
Noni Madueke,England,0.217093747781753,False,1.3731,0.0
Eberechi Eze,England,0.2035377683450658,False,1.2901,0.0
Ivan Toney,England,0.2891286919194203,False,1.82235,0.0
Reece James,England,0.0402399070082436,False,0.2517,0.0
Jarell Quansah,England,0.061343369253035,False,0.38515,0.0
Caleb Yirenkyi,Ghana,0.0826666666666666,False,1.3554,0.0
Thomas Partey,Ghana,0.0572423788194417,False,0.24495,0.0
Abdul Fatawu,Ghana,0.137802688158229,False,0.5785,0.0
Kwasi Sibo,Ghana,0.0546972752675825,False,0.2304,0.0
Jordan Ayew (captain),Ghana,0.1515987422194176,False,0.653,0.0
Brandon Thomas-Asante,Ghana,0.2333333333333333,False,0.9857,0.0
Anthony Gordon,England,0.2535615648695506,False,1.59135,0.0
Giuliano Simeone,Argentina,0.1211428879482296,False,0.82865,0.0
Nico Paz,Argentina,0.1794092410759346,False,1.21645,0.0
Alexis Mac Allister,Argentina,0.1335724325929384,False,0.91575,0.0
José Manuel López,Argentina,0.2333333333333333,False,1.5936,0.0
Lautaro Martínez,Argentina,0.2185338590581814,False,1.49855,0.0
Enzo Fernández,Argentina,0.1384296781000389,False,0.93355,0.0
Facundo Medina,Argentina,0.0436643741541491,False,0.29335,0.0
Xaver Schlager,Austria,0.0663049436294045,False,0.26635,0.0
Stefan Posch,Austria,0.0481520394296693,False,0.1965,0.0
Nicolas Seiwald,Austria,0.0460405124938248,False,0.18675,0.0
Marko Arnautović,Austria,0.3523819056986557,True,2.4154,0.0
Diogo Dalot,Portugal,0.0436036542782095,False,0.21435,0.0
Florian Grillitsch,Austria,0.0494634524528289,False,0.1978,0.0
Michael Gregoritsch,Austria,0.1535625845912148,False,0.6037,0.0
Saša Kalajdžić,Austria,0.1720734706266488,False,1.68505,0.0
Philipp Lienhart,Austria,0.0528859018622359,False,0.21095,0.0
Phillipp Mwene,Austria,0.0537532848170377,False,0.2171,0.0
Carney Chukwuemeka,Austria,0.0657732247410084,False,0.2674,0.0
Romano Schmid,Austria,0.0690250952515516,False,1.27545,0.0
Dejan Ljubičić,Austria,0.0886419576927772,False,0.3481,0.0
Konrad Laimer,Austria,0.0506780428732559,False,0.199,0.0
Patrick Wimmer,Austria,0.1277410187610823,False,0.51295,0.0
Paul Wanner,Austria,0.0949613912826223,False,0.3788,0.0
Marcel Sabitzer,Austria,0.105287724025667,False,1.42225,0.0
Farès Chaïbi,Algeria,0.0939273343756776,False,0.43775,0.0
Anis Hadj Moussa,Algeria,0.2030025494907966,False,0.9525,0.0
Nadhir Benbouali,Algeria,0.2333333333333333,False,2.07835,0.0
Hicham Boudaoui,Algeria,0.0892614173442017,False,0.42505,0.0
Rafik Belghali,Algeria,0.0649059940358195,False,1.30015,0.0
Mohamed Amoura,Algeria,0.2767961607557591,False,1.2891,0.0
Diego Moreira,Belgium,0.0670837366466928,False,0.37225,0.0
Adil Boulbina,Algeria,0.2333333333333333,False,1.08125,0.0
Ramy Bensebaini,Algeria,0.0939549613412656,True,0.44295,0.0
Ibrahim Maza,Algeria,0.1262954670502491,False,0.59285,0.0
Yacine Titraoui,Algeria,0.0826666666666666,False,0.38445,0.0
Thiago Almada,Argentina,0.1092097042282868,False,0.7477,0.0
Samir Chergui,Algeria,0.0679648293041796,False,0.3184,0.0
Nicolás Tagliafico,Argentina,0.0752135288418887,False,0.5138,0.0
Leandro Paredes,Argentina,0.0459478513055779,False,0.30885,0.0
Lisandro Martínez,Argentina,0.0485186841213106,False,0.32905,0.0
Rodrigo De Paul,Argentina,0.0854428650507364,False,0.5841,0.0
Valentín Barco,Argentina,0.0797196798534883,False,0.553,0.0
Julián Alvarez,Argentina,0.2654742313873696,False,1.82005,0.0
Giovani Lo Celso,Argentina,0.0547016005126423,False,1.36815,0.0
Cristian Romero,Argentina,0.0843195706691638,False,0.5777,0.0
Exequiel Palacios,Argentina,0.064601952868181,False,0.4306,0.0
Nicolás González,Argentina,0.1103212792000273,False,0.74335,0.0
Farès Ghedjemis,Algeria,0.2333333333333333,False,1.0857,0.0
Deiver Machado,Colombia,0.0666711069188694,False,0.3584,0.0
Davinson Sánchez,Colombia,0.0936966645350147,False,0.51635,0.0
Luis Suárez,Colombia,0.0796007508124803,False,0.43195,0.0
Andrés Gómez,Colombia,0.1154114568998533,False,0.6293,0.0
Steve Kapuadi,DR Congo,0.066469253408355,False,0.26505,0.0
Ngal'ayel Mukau,DR Congo,0.0826666666666666,False,0.33,0.0
Nathanaël Mbuku,DR Congo,0.0826666666666666,False,0.3369,0.0
Samuel Moutoussamy,DR Congo,0.0658403836319182,False,0.2664,0.0
Brian Cipenga,DR Congo,0.2333333333333333,False,1.9395,0.0
Théo Bongonda,DR Congo,0.0826666666666666,False,0.32875,0.0
Gaël Kakuta,DR Congo,0.2333333333333333,False,0.92935,0.0
Alessandro Schöpf,Austria,0.0826666666666666,False,0.3352,0.0
Noah Sadiki,DR Congo,0.0534742182983781,False,0.2131,0.0
Aaron Tshibola,DR Congo,0.0826666666666666,False,0.3338,0.0
Cédric Bakambu,DR Congo,0.2269869622310743,False,0.9027,0.0
Charles Pickel,DR Congo,0.0420593613110045,False,0.16385,0.0
Fiston Mayele,DR Congo,0.2333333333333333,False,1.9209,0.0
Yoane Wissa,DR Congo,0.3399862539281855,False,3.3683,0.0
Chancel Mbemba (captain),DR Congo,0.0650273800858622,False,0.26465,0.0
Simon Banza,DR Congo,0.2370691516348529,False,0.9377,0.0
Edo Kayembe,DR Congo,0.0826666666666666,False,0.33545,0.0
Arthur Masuaku,DR Congo,0.0413305703606714,False,0.1675,0.0
Rúben Dias,Portugal,0.0404575875728906,False,0.19555,0.0
Meschak Elia,DR Congo,0.2333333333333333,False,0.9291,0.0
Amer Jamous,Jordan,0.0826666666666666,False,0.2451,0.0
Mohammad Abu Zrayq,Jordan,0.2333333333333333,False,0.69535,0.0
Noor Al-Rawabdeh,Jordan,0.0826666666666666,False,0.24775,0.0
Ali Olwan,Jordan,0.2333333333333333,False,1.69345,0.0
Musa Al-Taamari,Jordan,0.2933292203551709,False,0.87965,0.0
Odeh Al-Fakhouri,Jordan,0.2333333333333333,False,0.7,0.0
Mahmoud Al-Mardi,Jordan,0.2333333333333333,False,0.6995,0.0
Rajaei Ayed,Jordan,0.0826666666666666,False,0.2457,0.0
Ibrahim Sadeh,Jordan,0.0826666666666666,False,0.24915,0.0
Mohannad Abu Taha,Jordan,0.0826666666666666,False,0.25015,0.0
Nizar Al-Rashdan,Jordan,0.0826666666666666,False,1.2498,0.0
Jaminton Campaz,Colombia,0.2333333333333333,False,2.27545,0.0
Mohammad Al-Dawoud,Jordan,0.0826666666666666,False,0.24975,0.0
Daniel Muñoz,Colombia,0.1023289269115099,False,2.55695,0.0
Richard Ríos,Colombia,0.1108741939226444,False,0.59695,0.0
Jorge Carrascal,Colombia,0.0826666666666666,False,0.44575,0.0
Jhon Córdoba,Colombia,0.2407599519845338,False,1.31875,0.0
James Rodríguez (captain),Colombia,0.1993001358320923,True,1.0963,0.0
Jhon Arias,Colombia,0.2082705580990436,False,1.14125,0.0
Yerry Mina,Colombia,0.0568300496571321,False,0.3133,0.0
Juan Portilla,Colombia,0.0826666666666666,False,0.4537,0.0
Jefferson Lerma,Colombia,0.0781346692943302,False,0.42945,0.0
Cucho Hernández,Colombia,0.2333333333333333,False,1.28295,0.0
Juan Fernando Quintero,Colombia,0.0826666666666666,False,0.44645,0.0
Ali Azaizeh,Jordan,0.2333333333333333,False,0.6816,0.0
Eray Cömert,Switzerland,0.0445462306067166,False,0.2237,0.0
Noah Okafor,Switzerland,0.1664909244716406,False,0.8461,0.0
Michel Aebischer,Switzerland,0.0416352876003926,False,0.2092,0.0
Fabian Rieder,Switzerland,0.0717652322939047,False,0.36395,0.0
Zeki Amdouni,Switzerland,0.1523743028877797,False,0.7725,0.0
Cedric Itten,Switzerland,0.2327781221613337,True,1.17515,0.0
Éderson Silva,Brazil,0.0826666666666666,False,0.47415,0.0
Marquinhos (captain),Brazil,0.0609527729362387,False,0.35945,0.0
Casemiro,Brazil,0.1408620200564751,False,1.8009,0.0
Bruno Guimarães,Brazil,0.120502200617029,False,0.6774,0.0
César Yanis,Panama,0.0826666666666666,False,0.249,0.0
Raphinha,Brazil,0.3563422406102375,True,2.0506,0.0
Fabinho,Brazil,0.0826666666666666,False,0.47665,0.0
Danilo Santos,Brazil,0.0826666666666666,False,0.4759,0.0
Endrick,Brazil,0.1310160505001022,False,0.75945,0.0
Lucas Paquetá,Brazil,0.1133186898877297,False,0.65665,0.0
Luiz Henrique,Brazil,0.1300518393287548,False,0.74545,0.0
Gabriel Martinelli,Brazil,0.2288143603168361,False,2.3181,0.0
Igor Thiago,Brazil,0.2868265154468519,False,1.6442,0.0
Rayan,Brazil,0.258478469947248,False,1.47835,0.0
Carl Sainté,Haiti,0.0826666666666666,False,0.24115,0.0
Derrick Etienne Jr.,Haiti,0.2333333333333333,False,0.7012,0.0
Neymar,Brazil,0.2333333333333333,False,1.33115,0.0
Mohammed Muntari,Qatar,0.2333333333333333,False,0.6926,0.0
Hassan Al-Haydos (captain),Qatar,0.2333333333333333,False,1.70415,0.0
Akram Afif,Qatar,0.2333333333333333,False,0.6833,0.0
Karim Boudiaf,Qatar,0.0826666666666666,False,0.2517,0.0
Yusuf Abdurisag,Qatar,0.2333333333333333,False,0.69905,0.0
Ahmed Al-Ganehi,Qatar,0.0826666666666666,False,0.2461,0.0
Almoez Ali,Qatar,0.2333333333333333,False,0.69315,0.0
Ahmed Fathy,Qatar,0.0826666666666666,False,0.25595,0.0
Assim Madibo,Qatar,0.0826666666666666,False,0.2484,0.0
Tahsin Jamshid,Qatar,0.2333333333333333,False,0.70785,0.0
Mohamed Manai,Qatar,0.2333333333333333,False,0.696,0.0
Rubén Vargas,Switzerland,0.157924723774238,False,2.80015,0.0
Nico Elvedi,Switzerland,0.0468703846790299,False,0.23855,0.0
Manuel Akanji,Switzerland,0.0601361453442429,False,0.30435,0.0
Denis Zakaria,Switzerland,0.0894748997803441,False,0.45325,0.0
Breel Embolo,Switzerland,0.2712661894666189,False,1.3744,0.0
Remo Freuler,Switzerland,0.0569759269988794,False,0.28735,0.0
Johan Manzambi,Switzerland,0.1410504261948464,False,3.70585,0.0
Granit Xhaka (captain),Switzerland,0.0537064215360486,False,0.26825,0.0
Dan Ndoye,Switzerland,0.1985815275245998,False,1.00295,0.0
Ardon Jashari,Switzerland,0.0518679689921207,False,0.26285,0.0
Djibril Sow,Switzerland,0.0821995674363712,False,0.4097,0.0
Christian Fassnacht,Switzerland,0.1480244568284212,False,0.74445,0.0
Silvan Widmer,Switzerland,0.0595900254593669,False,0.2975,0.0
Neil El Aynaoui,Morocco,0.0805937957888897,False,0.48535,0.0
Scott McTominay,Scotland,0.2651554065619603,False,0.79995,0.0
John McGinn,Scotland,0.1077010722222142,False,1.32585,0.0
Tyler Fletcher,Scotland,0.0826666666666666,False,0.2451,0.0
Lyndon Dykes,Scotland,0.1522663620631997,False,0.45225,0.0
Ché Adams,Scotland,0.19500489097395,False,0.5837,0.0
Ryan Christie,Scotland,0.0630356440615063,False,0.188,0.0
Ross Stewart,Scotland,0.1364583126833169,False,0.4142,0.0
John Souttar,Scotland,0.0467088276182308,False,0.14235,0.0
Ben Gannon-Doak,Scotland,0.2333333333333333,False,0.69355,0.0
George Hirst,Scotland,0.1177757036703199,False,0.3555,0.0
Duckens Nazon,Haiti,0.2333333333333333,False,0.69325,0.0
Lawrence Shankland,Scotland,0.0780716433763731,True,0.23175,0.0
Kenny McLean,Scotland,0.0563634287545144,False,0.1696,0.0
Findlay Curtis,Scotland,0.2333333333333333,False,0.69615,0.0
Mathew Leckie,Australia,0.2333333333333333,False,1.1365,0.0
Mohamed Touré,Australia,0.2333333333333333,False,1.13885,0.0
Ajdin Hrustic,Australia,0.2333333333333333,False,1.1409,0.0
Awer Mabil,Australia,0.2333333333333333,False,1.14345,0.0
Aiden O'Neill,Australia,0.0826666666666666,False,0.4045,0.0
Cammy Devlin,Australia,0.0826666666666666,False,0.40665,0.0
Nestory Irankunda,Australia,0.2333333333333333,False,2.13645,0.0
Cristian Volpato,Australia,0.0600932883559067,False,0.29735,0.0
Lewis Ferguson,Scotland,0.0894532810643843,False,0.2739,0.0
Jean-Ricner Bellegarde,Haiti,0.0726037883771658,False,0.21475,0.0
Louicius Deedson,Haiti,0.2333333333333333,False,0.6995,0.0
Leverton Pierre,Haiti,0.0826666666666666,False,0.2451,0.0
Ruben Providence,Haiti,0.2333333333333333,False,0.70485,0.0
Lenny Joseph,Haiti,0.1575297515964225,False,0.47585,0.0
Danley Jean Jacques,Haiti,0.0821919813104625,False,0.2467,0.0
Wilson Isidor,Haiti,0.1661346716258082,False,1.5008,0.0
Yassin Fortuné,Haiti,0.2333333333333333,False,0.7051,0.0
Frantzdy Pierrot,Haiti,0.2285082434746946,False,0.68435,0.0
Josué Casimir,Haiti,0.0842221904839684,False,0.25355,0.0
Dominique Simon,Haiti,0.0826666666666666,False,0.25185,0.0
Bilal El Khannouss,Morocco,0.1033480638396359,False,0.61435,0.0
Achraf Hakimi (captain),Morocco,0.1172488638597834,False,1.69555,0.0
Nayef Aguerd,Morocco,0.0569829044634382,False,0.3394,0.0
Ayyoub Bouaddi,Morocco,0.0407474967553698,False,0.2481,0.0
Chemsdine Talbi,Morocco,0.1481570230187985,False,0.8834,0.0
Azzedine Ounahi,Morocco,0.0892505321388527,False,0.54265,0.0
Brahim Díaz,Morocco,0.164781291966563,False,0.98495,0.0
Zakaria El Ouahdi,Morocco,0.1134027364098985,False,0.6739,0.0
Samir El Mourabet,Morocco,0.0513527057865056,False,0.3062,0.0
Gessime Yassine,Morocco,0.1403076356169457,False,1.83565,0.0
Abde Ezzalzouli,Morocco,0.2333333333333333,False,1.38365,0.0
Ayoube Amaimouni,Morocco,0.2333333333333333,False,1.39975,0.0
Woodensky Pierre,Haiti,0.0826666666666666,False,0.24715,0.0
Santiago Giménez,Mexico,0.2881327103867377,False,1.59535,0.0
Armando González,Mexico,0.2333333333333333,False,1.2835,0.0
Orbelín Pineda,Mexico,0.0811653017987662,False,0.4526,0.0
Obed Vargas,Mexico,0.0596781845096525,False,0.3304,0.0
Gilberto Mora,Mexico,0.0826666666666666,False,0.46005,0.0
César Huerta,Mexico,0.2333333333333333,False,1.30705,0.0
Guillermo Martínez,Mexico,0.2333333333333333,False,1.3061,0.0
Luis Chávez,Mexico,0.0826666666666666,False,0.45845,0.0
Roberto Alvarado,Mexico,0.2333333333333333,False,1.29925,0.0
Brian Gutiérrez,Mexico,0.0826666666666666,False,0.46065,0.0
Teboho Mokoena,South Africa,0.0826666666666666,False,0.32855,0.0
Edmilson Junior,Qatar,0.2333333333333333,False,0.70495,0.0
Oswin Appollis,South Africa,0.2333333333333333,False,0.9294,0.0
Tshepang Moremi,South Africa,0.2333333333333333,False,0.93035,0.0
Lyle Foster,South Africa,0.1882257056741754,False,0.75305,0.0
Relebohile Mofokeng,South Africa,0.2333333333333333,False,0.94195,0.0
Themba Zwane,South Africa,0.0826666666666666,False,0.33015,0.0
Thapelo Maseko,South Africa,0.2333333333333333,False,1.93515,0.0
Sphephelo Sithole,South Africa,0.0826666666666666,False,0.3262,0.0
Iqraam Rayners,South Africa,0.2333333333333333,False,0.93645,0.0
Evidence Makgopa,South Africa,0.2333333333333333,False,0.93475,0.0
Jayden Adams,South Africa,0.0826666666666666,False,0.3281,0.0
Kamogelo Sebelebele,South Africa,0.2333333333333333,False,0.93315,0.0
Thalente Mbatha,South Africa,0.0826666666666666,False,0.33155,0.0
Robin Hranáč,Czech Republic,0.0530580257949389,False,0.1568,0.0
Štěpán Chaloupek,Czech Republic,0.0494269500819323,False,0.14655,0.0
Ladislav Krejčí (captain),Czech Republic,0.061280480423188,False,1.1782,0.0
Vladimír Darida,Czech Republic,0.0826666666666666,False,0.2492,0.0
Adam Hložek,Czech Republic,0.2188662598470198,False,0.6558,0.0
Patrik Schick,Czech Republic,0.369853008384862,False,1.1074,0.0
Jan Kuchta,Czech Republic,0.2426577794418587,False,0.7154,0.0
Lukáš Červ,Czech Republic,0.0852194943839737,False,0.25425,0.0
Mojmír Chytil,Czech Republic,0.191717762967086,False,0.57695,0.0
Pavel Šulc,Czech Republic,0.1969656667634494,False,0.5886,0.0
Lukáš Provod,Czech Republic,0.0779193735217724,False,0.24105,0.0
Alexis Vega,Mexico,0.2333333333333333,False,1.3007,0.0
Tomáš Chorý,Czech Republic,0.3124168909539577,True,0.9341,0.0
David Douděra,Czech Republic,0.1034435375857364,False,0.31735,0.0
Tomáš Souček,Czech Republic,0.1697495130468456,False,0.5181,0.0
Alexandr Sojka,Czech Republic,0.0826666666666666,False,0.2468,0.0
Hugo Sochůrek,Czech Republic,0.0826666666666666,False,0.254,0.0
Denis Višinský,Czech Republic,0.0831682157549806,False,0.24825,0.0
Edson Álvarez (captain),Mexico,0.0497421364348656,False,0.27885,0.0
Johan Vásquez,Mexico,0.0481515209897268,False,0.26375,0.0
Érik Lira,Mexico,0.0826666666666666,False,0.45705,0.0
Luis Romo,Mexico,0.0826666666666666,False,1.4576,0.0
Álvaro Fidalgo,Mexico,0.0950533362613496,False,1.52535,0.0
Michal Sadílek,Czech Republic,0.084021229374276,False,1.25185,0.0
Amar Memić,Bosnia and Herzegovina,0.078399125428136,False,0.30985,0.0
Amir Hadžiahmetović,Bosnia and Herzegovina,0.0624887294518351,False,0.24835,0.0
Dženis Burnić,Bosnia and Herzegovina,0.0661435192597019,False,0.267,0.0
Kerim Alajbegović,Bosnia and Herzegovina,0.2437873979163734,False,1.9887,0.0
Esmir Bajraktarević,Bosnia and Herzegovina,0.0916666666666666,False,0.3565,0.0
Haris Tabaković,Bosnia and Herzegovina,0.2396103684390201,False,0.9502,0.0
Jovo Lukić,Bosnia and Herzegovina,0.2333333333333333,False,1.9452,0.0
Ermin Mahmić,Bosnia and Herzegovina,0.0826666666666666,False,2.32935,0.0
Mathieu Choinière,Canada,0.0826666666666666,False,0.4372,0.0
Stephen Eustáquio,Canada,0.0975431175158103,False,1.5218,0.0
Ismaël Koné,Canada,0.1037956381367164,False,0.5529,0.0
Lee Gi-hyuk,South Korea,0.0826666666666666,False,0.24735,0.0
Tani Oluwaseyi,Canada,0.1102302668331088,False,0.58865,0.0
Jacob Shaffelburg,Canada,0.1739131495788618,False,0.93015,0.0
Tajon Buchanan,Canada,0.0808455198542816,False,0.43275,0.0
Alphonso Davies (captain),Canada,0.052387756628594,False,0.2778,0.0
Ali Ahmed,Canada,0.2333333333333333,False,1.2428,0.0
Jonathan Osorio,Canada,0.0547148710211787,False,0.2942,0.0
Promise David,Canada,0.2645947502992218,False,2.4122,0.0
Nathan Saliba,Canada,0.0826666666666666,False,1.449,0.0
Jayden Nelson,Canada,0.0826666666666666,False,0.4462,0.0
Abdulaziz Hatem,Qatar,0.0826666666666666,False,0.2507,0.0
Ahmed Alaaeldin,Qatar,0.2333333333333333,False,0.70045,0.0
Liam Millar,Canada,0.0493333333333333,False,0.259,0.0
Hwang In-beom,South Korea,0.0826666666666666,False,1.24675,0.0
Son Heung-min (captain),South Korea,0.2333333333333333,False,0.6976,0.0
Paik Seung-ho,South Korea,0.0826666666666666,False,0.25295,0.0
Cho Gue-sung,South Korea,0.2333333333333333,False,0.6941,0.0
Lee Jae-sung,South Korea,0.0826666666666666,False,0.2516,0.0
Hwang Hee-chan,South Korea,0.0826666666666666,False,0.2468,0.0
Bae Jun-ho,South Korea,0.0826666666666666,False,0.2493,0.0
Oh Hyeon-gyu,South Korea,0.2333333333333333,False,1.7009,0.0
Lee Kang-in,South Korea,0.0826666666666666,False,0.24655,0.0
Yang Hyun-jun,South Korea,0.0826666666666666,False,0.24755,0.0
Jens Castrop,South Korea,0.126079960250428,False,0.37835,0.0
Ivan Šunjić,Bosnia and Herzegovina,0.0842178868238905,False,0.3405,0.0
Eom Ji-sung,South Korea,0.0826666666666666,False,0.2473,0.0
Lee Dong-gyeong,South Korea,0.0826666666666666,False,0.24805,0.0
Tarik Muharemović,Bosnia and Herzegovina,0.0497145716415626,False,0.1976,0.0
Sead Kolašinac,Bosnia and Herzegovina,0.0422963651349277,False,0.16705,0.0
Benjamin Tahirović,Bosnia and Herzegovina,0.0497708387302835,False,0.1998,0.0
Amar Dedić,Bosnia and Herzegovina,0.0405555024144787,False,0.16125,0.0
Armin Gigović,Bosnia and Herzegovina,0.0891040136333361,False,0.35955,0.0
Samed Baždar,Bosnia and Herzegovina,0.2333333333333333,False,0.93375,0.0
Ermedin Demirović,Bosnia and Herzegovina,0.4494275329153871,True,1.802,0.0
Edin Džeko (captain),Bosnia and Herzegovina,0.3494883341454198,False,1.40375,0.0
Ivan Bašić,Bosnia and Herzegovina,0.0544,False,0.216,0.0
Kim Jin-gyu,South Korea,0.0826666666666666,False,0.24545,0.0
Parfait Guiagon,Ivory Coast,0.0826666666666666,False,0.3245,0.0
Christ Inao Oulaï,Ivory Coast,0.0826666666666666,False,0.3303,0.0
Kō Itakura,Japan,0.0575541338845863,False,0.22705,0.0
Ao Tanaka,Japan,0.0716306058564656,False,0.29515,0.0
Takefusa Kubo,Japan,0.1092974476104531,False,0.4389,0.0
Keisuke Gotō,Japan,0.2333333333333333,False,0.9245,0.0
Ritsu Dōan,Japan,0.1543921815811474,False,0.6144,0.0
Daizen Maeda,Japan,0.2374916601553353,False,1.9398,0.0
Keito Nakamura,Japan,0.2442046983969994,False,1.97635,0.0
Junya Itō,Japan,0.1776913602473692,False,1.70365,0.0
Daichi Kamada,Japan,0.0546068049846956,False,2.21245,0.0
Cameron Burgess,Australia,0.0426751369315849,False,0.2104,0.0
Yuito Suzuki,Japan,0.1470322982611289,False,0.59355,0.0
Ayase Ueda,Japan,0.2304194451729908,True,2.9229,0.0
Kōki Ogawa,Japan,0.2333333333333333,False,0.9405,0.0
Takehiro Tomiyasu,Japan,0.0512230599442028,False,0.2036,0.0
Kaishū Sano,Japan,0.0488214585997668,False,1.19465,0.0
Kento Shiogai,Japan,0.1107410514633112,False,0.4433,0.0
Virgil van Dijk (captain),Netherlands,0.0858384847358226,False,1.3448,0.0
Nathan Aké,Netherlands,0.0619351481875669,False,0.2438,0.0
Jan Paul van Hecke,Netherlands,0.0436113335546904,False,1.16995,0.0
Justin Kluivert,Netherlands,0.1625075160656574,False,0.65535,0.0
Ryan Gravenberch,Netherlands,0.0573241746759264,False,0.23125,0.0
Tsuyoshi Watanabe,Japan,0.051906856826556,False,0.212,0.0
Leroy Sané,Germany,0.1994519505493224,False,1.80415,0.0
Nadiem Amiri,Germany,0.1225694101156848,False,0.48775,0.0
Felix Nmecha,Germany,0.0900976588277369,False,1.35625,0.0
Malick Thiaw,Germany,0.0628136808938447,False,0.24925,0.0
Assan Ouédraogo,Germany,0.1020274244327984,False,0.40675,0.0
Ousmane Diomande,Ivory Coast,0.0417053959726388,False,0.16905,0.0
Jean Michaël Seri,Ivory Coast,0.0826666666666666,False,0.33295,0.0
Wilfried Singo,Ivory Coast,0.0505730058910666,False,0.19985,0.0
Seko Fofana,Ivory Coast,0.0871403771280153,False,0.35235,0.0
Franck Kessié (captain),Ivory Coast,0.0826666666666666,False,1.32635,0.0
Ange-Yoan Bonny,Ivory Coast,0.1910832804495,True,0.7664,0.0
Bazoumana Touré,Ivory Coast,0.1251026354777603,False,0.5034,0.0
Yan Diomande,Ivory Coast,0.1882591147475633,False,0.7556,0.0
Elye Wahi,Ivory Coast,0.2580473666140855,False,1.03695,0.0
Christopher Opéri,Ivory Coast,0.0466225433138939,False,0.1866,0.0
Oumar Diakité,Ivory Coast,0.2148077194457038,False,0.87075,0.0
Amad Diallo,Ivory Coast,0.2333333333333333,False,2.9272,0.0
Guéla Doué,Ivory Coast,0.0435542482623097,False,0.1702,0.0
Ibrahim Sangaré,Ivory Coast,0.0478870534728235,False,0.18785,0.0
Nicolas Pépé,Ivory Coast,0.1522364060718727,False,2.6106,0.0
Emmanuel Agbadou,Ivory Coast,0.048514574180418,False,0.19015,0.0
Evan Ndicka,Ivory Coast,0.0445781262270344,False,0.17845,0.0
Evann Guessand,Ivory Coast,0.2027503485406802,False,0.80865,0.0
Simon Adingra,Ivory Coast,0.1543337971329967,False,0.6155,0.0
Ali Abdi,Tunisia,0.1080088332696322,False,0.32045,0.0
Elias Achouri,Tunisia,0.0854828809245554,False,0.2588,0.0
Elias Saad,Tunisia,0.1742745823317137,False,0.51495,0.0
Hazem Mastouri,Tunisia,0.2333333333333333,False,1.7049,0.0
Hannibal Mejbri,Tunisia,0.0550091095832148,False,0.1655,0.0
Ismaël Gharbi,Tunisia,0.0413588091066696,False,0.12385,0.0
Rani Khedira,Tunisia,0.0626116614569297,False,0.1847,0.0
Khalil Ayari,Tunisia,0.0826666666666666,False,0.2487,0.0
Hadj Mahmoud,Tunisia,0.1672446210344775,False,0.50255,0.0
Ellyes Skhiri (captain),Tunisia,0.061960737295019,False,0.19005,0.0
Rayan Elloumi,Tunisia,0.2333333333333333,False,0.6938,0.0
Wout Weghorst,Netherlands,0.0797941363521773,False,0.31875,0.0
Anis Ben Slimane,Tunisia,0.0470102148600722,False,0.14205,0.0
Sebastian Tounekti,Tunisia,0.172276867375279,False,0.5057,0.0
Arthur Theate,Belgium,0.0488193366086808,False,0.2806,0.0
Brandon Mechele,Belgium,0.0408864207270183,False,0.2363,0.0
Maxim De Cuyper,Belgium,0.0592852581567629,False,0.3436,0.0
Youri Tielemans (captain),Belgium,0.0636293712516665,False,1.3632,0.0
Jérémy Doku,Belgium,0.1658008679602481,False,0.9527,0.0
Dodi Lukébakio,Belgium,0.1419462694077511,False,0.8128,0.0
Thomas Meunier,Belgium,0.0479092157979271,False,0.27365,0.0
Koni De Winter,Belgium,0.0443462298312994,False,0.2535,0.0
Charles De Ketelaere,Belgium,0.1025152776181823,False,0.5812,0.0
Firas Chaouat,Tunisia,0.2333333333333333,False,0.6939,0.0
Memphis Depay,Netherlands,0.3898080021414503,True,1.55855,0.0
Tijjani Reijnders,Netherlands,0.1724115292363424,False,0.6832,0.0
Guus Til,Netherlands,0.1123122109364389,False,0.4434,0.0
Noa Lang,Netherlands,0.1514562330937841,False,0.59945,0.0
Donyell Malen,Netherlands,0.1892667107755516,False,0.75545,0.0
Brian Brobbey,Netherlands,0.1693996516492648,False,3.6813,0.0
Teun Koopmeiners,Netherlands,0.0538110751951394,False,0.21695,0.0
Frenkie de Jong,Netherlands,0.0494876884911731,False,0.19555,0.0
Denzel Dumfries,Netherlands,0.1881214307357656,False,0.754,0.0
Crysencio Summerville,Netherlands,0.1694570029469406,False,2.6751,0.0
Quinten Timber,Netherlands,0.0494997852874815,False,0.19935,0.0
Taha Ali,Sweden,0.2333333333333333,False,0.92755,0.0
Lucas Bergvall,Sweden,0.0548650198884078,False,0.2191,0.0
Daniel Svensson,Sweden,0.0571897751572123,False,0.225,0.0
Benjamin Nygren,Sweden,0.269680885464973,False,1.0808,0.0
Anthony Elanga,Sweden,0.149701289506108,False,2.6073,0.0
Jesper Karlström,Sweden,0.0411317650280869,False,0.165,0.0
Viktor Gyökeres,Sweden,0.4322219683121531,True,2.7354,0.0
Yasin Ayari,Sweden,0.0851008230008377,False,2.34805,0.0
Mattias Svanberg,Sweden,0.1200087188865606,False,1.4793,0.0
Alexander Bernhardsson,Sweden,0.1843104795123058,False,0.7354,0.0
Besfort Zeneli,Sweden,0.0609440889098154,False,0.24195,0.0
Gustaf Nilsson,Sweden,0.1833890701768081,False,0.73615,0.0
Gustaf Lagerbielke,Sweden,0.0639592040142484,False,0.256,0.0
Hakan Çalhanoğlu (captain),Turkey,0.3103462142885383,True,0.92055,0.0
Kenan Yıldız,Turkey,0.2333333333333333,False,0.70335,0.0
Ozan Kabak,Turkey,0.1036089399150722,False,0.3148,0.0
İsmail Yüksek,Turkey,0.0640112075983313,False,0.19535,0.0
İrfan Can Kahveci,Turkey,0.2333333333333333,False,0.70565,0.0
Mert Müldür,Turkey,0.0566479878392335,False,0.16585,0.0
Yunus Akgün,Turkey,0.169221242283372,False,0.5099,0.0
Barış Alper Yılmaz,Turkey,0.2333333333333333,False,0.6863,0.0
Oğuz Aydın,Turkey,0.2333333333333333,False,0.7057,0.0
Samet Akaydin,Turkey,0.0706171252822066,False,0.20885,0.0
Can Uzun,Turkey,0.1424522594821872,False,0.4251,0.0
Nathaniel Brown,Germany,0.065214819537085,False,1.26005,0.0
Tyler Adams,United States,0.0557589240407831,False,0.3137,0.0
Giovanni Reyna,United States,0.0477931418019475,False,1.27055,0.0
Weston McKennie,United States,0.1227302341957164,False,0.68785,0.0
Ricardo Pepi,United States,0.1794364747416218,False,0.9966,0.0
Christian Pulisic,United States,0.2567686578703601,False,1.42745,0.0
Brenden Aaronson,United States,0.0989990192909274,False,0.5516,0.0
Tim Ream (captain),United States,0.0460869739824395,False,0.25555,0.0
Sebastian Berhalter,United States,0.0826666666666666,False,1.46275,0.0
Cristian Roldan,United States,0.0826666666666666,False,0.4649,0.0
Malik Tillman,United States,0.1280982925552179,False,1.7168,0.0
Timothy Weah,United States,0.0665290184751654,False,0.374,0.0
Chris Richards,United States,0.0505674415255844,False,0.28585,0.0
Jackson Irvine,Australia,0.0795274199396557,False,0.39075,0.0
Nishan Velupillay,Australia,0.2333333333333333,False,1.1405,0.0
Paul Okon-Engstler,Australia,0.0826666666666666,False,0.41185,0.0
Tete Yengi,Australia,0.2333333333333333,False,1.13835,0.0
Omar Alderete,Paraguay,0.043445200519592,False,0.2223,0.0
Ramón Sosa,Paraguay,0.0841886186094285,False,0.43875,0.0
Diego Gómez,Paraguay,0.1300593683713972,False,0.65735,0.0
Antonio Sanabria,Paraguay,0.1947800904798206,True,0.99015,0.0
Miguel Almirón,Paraguay,0.1557358484787024,False,0.79185,0.0
Maurício,Paraguay,0.0826666666666666,False,1.42645,0.0
Andrés Cubas,Paraguay,0.0826666666666666,False,0.42665,0.0
Deniz Gül,Turkey,0.1165052312156787,False,0.35535,0.0
Kaku,Paraguay,0.2333333333333333,False,1.21365,0.0
Álex Arce,Paraguay,0.2333333333333333,False,1.18855,0.0
Julio Enciso,Paraguay,0.1410589782832941,False,1.72045,0.0
Braian Ojeda,Paraguay,0.0826666666666666,False,0.42215,0.0
Gabriel Ávalos,Paraguay,0.2333333333333333,False,1.17785,0.0
Matías Galarza,Paraguay,0.0645153391295826,False,1.3367,0.0
Gustavo Caballero,Paraguay,0.0826666666666666,False,0.42485,0.0
Isidro Pitta,Paraguay,0.2333333333333333,False,1.1978,0.0
Orkun Kökçü,Turkey,0.0918587661500634,False,0.277,0.0
Kerem Aktürkoğlu,Turkey,0.1239034612053807,False,0.37245,0.0
Arda Güler,Turkey,0.1368516462471085,False,1.4052,0.0
Damián Bobadilla,Paraguay,0.0826666666666666,False,0.41925,0.0
Enner Valencia (captain),Ecuador,0.2333333333333333,False,0.9446,0.0
Pedro Vite,Ecuador,0.0826666666666666,False,0.3343,0.0
Jordy Caicedo,Ecuador,0.2333333333333333,False,0.9438,0.0
Ángelo Preciado,Ecuador,0.1144709375727802,False,0.4585,0.0
Denil Castillo,Ecuador,0.0826403305852426,False,0.33145,0.0
Nilson Angulo,Ecuador,0.1513506260819279,False,1.61095,0.0
Alan Franco,Ecuador,0.0901651280575007,False,0.3654,0.0
Moisés Caicedo,Ecuador,0.05116686402558,False,0.1987,0.0
Jeremy Arévalo,Ecuador,0.2333333333333333,False,0.93585,0.0
Yaimar Medina,Ecuador,0.0410954669367294,False,0.16625,0.0
Antonio Rüdiger,Germany,0.0579703608687761,False,0.2301,0.0
Alejandro Zendejas,United States,0.2333333333333333,False,1.2926,0.0
Aleksandar Pavlović,Germany,0.0496712280095454,False,0.2024,0.0
Joshua Kimmich (captain),Germany,0.0793148067884213,False,0.32115,0.0
Kai Havertz,Germany,0.3190090250883361,True,3.2792,0.0
Leon Goretzka,Germany,0.153620540272826,False,0.62195,0.0
Jamie Leweling,Germany,0.1496857566678661,False,0.6026,0.0
Jamal Musiala,Germany,0.2819004737942324,False,2.1258,0.0
Nick Woltemade,Germany,0.2008709626219537,False,0.804,0.0
Pascal Groß,Germany,0.0869384968921574,False,0.34855,0.0
Maximilian Beier,Germany,0.2470552984970408,False,0.9878,0.0
Nico Schlotterbeck,Germany,0.0507943892976834,False,1.2048,0.0
Florian Wirtz,Germany,0.1843701142208483,False,0.7501,0.0
Jonathan Tah,Germany,0.0426475685989661,False,0.17235,0.0
Godfried Roemeratoe,Curaçao,0.0826666666666666,False,0.24665,0.0
Juninho Bacuna,Curaçao,0.0826666666666666,False,0.24995,0.0
Livano Comenencia,Curaçao,0.0826666666666666,False,1.2508,0.0
Jürgen Locadia,Curaçao,0.2333333333333333,False,0.7016,0.0
Leandro Bacuna (captain),Curaçao,0.0826666666666666,False,0.24165,0.0
Jeremy Antonisse,Curaçao,0.2333333333333333,False,0.69665,0.0
Sontje Hansen,Curaçao,0.2333333333333333,False,0.7061,0.0
Tyrese Noslin,Curaçao,0.2333333333333333,False,0.695,0.0
Kenji Gorré,Curaçao,0.2333333333333333,False,0.7063,0.0
Ar'jany Martha,Curaçao,0.0826666666666666,False,0.24945,0.0
Jearl Margaritha,Curaçao,0.2333333333333333,False,0.70875,0.0
Kevin Rodríguez,Ecuador,0.1471850879252775,False,0.5821,0.0
Gervane Kastaneer,Curaçao,0.2333333333333333,False,0.69135,0.0
Tahith Chong,Curaçao,0.0878255562834958,False,0.2676,0.0
Kevin Felida,Curaçao,0.0826666666666666,False,0.24865,0.0
Félix Torres,Ecuador,0.0532413261446484,False,0.2138,0.0
Piero Hincapié,Ecuador,0.0711628628163028,False,0.2854,0.0
Joel Ordóñez,Ecuador,0.0439609352206643,False,0.17465,0.0
Jordy Alcívar,Ecuador,0.0826666666666666,False,0.33105,0.0
Pervis Estupiñán,Ecuador,0.0416548559086688,False,0.16435,0.0
Anthony Valencia,Ecuador,0.0826666666666666,False,0.3349,0.0
John Yeboah,Ecuador,0.1205189178079566,False,0.4822,0.0
Kendry Páez,Ecuador,0.3200096050767301,True,1.27765,0.0
Brandley Kuwas,Curaçao,0.2333333333333333,False,0.70315,0.0
